Keertana Finserv Private Limited ,Unnamed: 1,Unnamed: 2,Unnamed: 3,Unnamed: 4,Unnamed: 5,Unnamed: 6,Unnamed: 7,Unnamed: 8,Unnamed: 9,Unnamed: 10,Unnamed: 11,Unnamed: 12,Unnamed: 13,Unnamed: 14,Unnamed: 15,Unnamed: 16,Unnamed: 17,Unnamed: 18,Unnamed: 19,Unnamed: 20,Unnamed: 21,Unnamed: 22,Unnamed: 23,Unnamed: 24,Unnamed: 25,Unnamed: 26
Portfolio Cuts as on 31 Mar 2024,,,,,,,,,,,,,,,,,,,,,,,,,,
,,,,,,,,,,,,,,,,,,,,,,,,,,
Branchwise Break-up ,,,,,,,,,,,,,,,,,,,,,,,,,,
,,,,,,,,,,,,,,,,,,,,,,,,,,
SN,Branch Code,Branch,District,State,Branch Classification Rural / Urban,Number of ActiveLoans,"Principal Outstanding of Active Loans
(In Crs)",Standard Portfolio with 0 DPD,No of loans in arrears,No of loans written off,"Written off value in the quarter 
(In Crs)","Total PAR 
(In Crs)",1-30 DPD Loans Outstanding ,31-60 DPD Loans Oustatnding,61-90 DPD Loans Oustatnding,91 to 120 DPD Loans Oustatnding,121-150 DPD Loans Outstanding,151-180 DPD Loans Outstanding,181-365 DPD Loans Outstanding,>365 DPD Loans Ousttanding,PAR >0 days,% of  PAR >0 days,PAR >90days,% of PAR >90 days,,
1,SRJLG0012,KD Peta,Visakhapatnam,Andhra Pradesh,Rural,,,,,0,0,,,,,,,,,,,,,,,
2,APKL0033,Addanki_KL,Bapatla,Andhra Pradesh,Urban,,,,,0,0,,,,,,,,,,,,,,,
3,APJLG0244,Amaravathi_JLG,Palnadu,Andhra Pradesh,Urban,,,,,0,0,,,,,,,,,,,,,,,
4,APJLG0288,Anandapuram_JLG,Visakhapatnam,Andhra Pradesh,Rural,,,,,0,0,,,,,,,,,,,,,,,
5,APKL0019,Anantapur_KL,Anantapur,Andhra Pradesh,Urban,,,,,0,0,,,,,,,,,,,,,,,
6,APKL0050,Annavaram_KL,Kakinada,Andhra Pradesh,Rural,,,,,0,0,,,,,,,,,,,,,,,
7,APMP0095,Annavaram_LH,Kakinada,Andhra Pradesh,Rural,,,,,0,0,,,,,,,,,,,,,,,
8,APJLG0271,Atchutapuram_JLG,Anakapalle,Andhra Pradesh,Rural,,,,,0,0,,,,,,,,,,,,,,,
9,APKL0059,Atmakur_KL,Nandyal,Andhra Pradesh,Rural,,,,,0,0,,,,,,,,,,,,,,,
10,APJLG0198,Attili_JLG,West Godavari,Andhra Pradesh,Rural,,,,,0,0,,,,,,,,,,,,,,,
11,APJLG0225,Bapatla_JLG,Bapatla,Andhra Pradesh,Urban,,,,,0,0,,,,,,,,,,,,,,,
12,APMP0158,Bapatla_LH,Bapatla,Andhra Pradesh,Urban,,,,,0,0,,,,,,,,,,,,,,,
13,APKL0006,Chittoor_KL,Chittoor,Andhra Pradesh,Urban,,,,,0,0,,,,,,,,,,,,,,,
14,APJLG0330,Dwarapudi_JLG,East Godavari,Andhra Pradesh,Rural,,,,,0,0,,,,,,,,,,,,,,,
15,APKL0167,Gorantla_KL ,Sri Sathya Sai,Andhra Pradesh,Rural,,,,,0,0,,,,,,,,,,,,,,,
16,TSJLG0223,Huzurnagar_JLG,Suryapet,Telangana,rural,,,,,0,0,,,,,,,,,,,,,,,
17,APJLG0235,Ibrahimpatnam_JLG,NTR,Andhra Pradesh,Rural,,,,,0,0,,,,,,,,,,,,,,,
18,APKL0088,Jammalamadugu_KL,Kadapa,Andhra Pradesh,Rural,,,,,0,0,,,,,,,,,,,,,,,
19,APJLG0261,Kadiam_JLG,East Godavari,Andhra Pradesh,Rural,,,,,0,0,,,,,,,,,,,,,,,
20,APKL0057,Kalyanadurgam_KL,Anantapur,Andhra Pradesh,Rural,,,,,0,0,,,,,,,,,,,,,,,
21,APKL0065,Kandukur_KL,Nellore,Andhra Pradesh,Rural,,,,,0,0,,,,,,,,,,,,,,,
22,APKL0074,Kanigiri_KL,Prakasam,Andhra Pradesh,Rural,,,,,0,0,,,,,,,,,,,,,,,
23,APKL0124,Kavali_KL,Nellore,Andhra Pradesh,Rural,,,,,0,0,,,,,,,,,,,,,,,
24,APJLG0184,Kesarapalli_JLG,Krishna,Andhra Pradesh,Rural,,,,,0,0,,,,,,,,,,,,,,,
25,APKL0040,Kolluru_KL,Bapatla,Andhra Pradesh,Rural,,,,,0,0,,,,,,,,,,,,,,,
26,APJLG0274,Kothavalasa_JLG,Vizianagaram,Andhra Pradesh,Rural,,,,,0,0,,,,,,,,,,,,,,,
27,APKL0107,Kotturu_KL,Srikakulam,Andhra Pradesh,Rural,,,,,0,0,,,,,,,,,,,,,,,
28,APKL0137,Kovur_KL,Nellore,Andhra Pradesh,Rural,,,,,0,0,,,,,,,,,,,,,,,
29,APKL0109,Krishnalanka_KL,Krishna,Andhra Pradesh,Rural,,,,,0,0,,,,,,,,,,,,,,,
30,TSJLG0246,Mudigonda_JLG,Khammam,Telangana,Rural,,,,,0,0,,,,,,,,,,,,,,,
31,APKL0079,Achampet_KL,Palnadu,Andhra Pradesh,Rural,,,,,0,0,,,,,,,,,,,,,,,
32,APKL0110,Ajit Singh Nagar_KL,Krishna,Andhra Pradesh,Urban,,,,,0,0,,,,,,,,,,,,,,,
33,APKL0061,Allagadda_KL,Nandyal,Andhra Pradesh,Rural,,,,,0,0,,,,,,,,,,,,,,,
34,APKL0051,Amalapuram_KL,Dr. B.R. Ambedkar Konaseema,Andhra Pradesh,Rural,,,,,0,0,,,,,,,,,,,,,,,
35,TSJLG0282,Aswaraopeta_JLG,Bhadradri Kothagudem,Telangana,Rural,,,,,0,0,,,,,,,,,,,,,,,
36,APKL0082,B Kothakota_KL,Annamayya,Andhra Pradesh,Rural,,,,,0,0,,,,,,,,,,,,,,,
37,APJLG0183,Challapalli_JLG,Krishna,Andhra Pradesh,rural,,,,,0,0,,,,,,,,,,,,,,,
38,APKL0043,Challapalli_KL,Krishna,Andhra Pradesh,Rural,,,,,0,0,,,,,,,,,,,,,,,
39,APJLG0227,Chilakaluripet_JLG,Palnadu,Andhra Pradesh,rural,,,,,0,0,,,,,,,,,,,,,,,
40,APMP0160,Chilakaluripet_LH,Palnadu,Andhra Pradesh,Urban,,,,,0,0,,,,,,,,,,,,,,,
41,APKL0155,Chirala_KL,Bapatla,Andhra Pradesh,Rural,,,,,0,0,,,,,,,,,,,,,,,
42,APMP0127,Chittoor_LH,Chittoor,Andhra Pradesh,Urban,,,,,0,0,,,,,,,,,,,,,,,
43,APKL0071,Cumbum_KL,Prakasam,Andhra Pradesh,Rural,,,,,0,0,,,,,,,,,,,,,,,
44,APKL0216,Giddalur_KL,Prakasam,Andhra Pradesh,Rural,,,,,0,0,,,,,,,,,,,,,,,
45,SRJLG0002,Gokavaram_JLG,East Godavari,Andhra Pradesh,Rural,,,,,0,0,,,,,,,,,,,,,,,
46,APMP0143,Gokavaram_LH,East Godavari,Andhra Pradesh,Rural,,,,,0,0,,,,,,,,,,,,,,,
47,APKL0022,Gopalapuram_KL,East Godavari,Andhra Pradesh,Rural,,,,,0,0,,,,,,,,,,,,,,,
48,APMP0277,Gudivada_LH,Krishna,Andhra Pradesh,Urban,,,,,0,0,,,,,,,,,,,,,,,
49,APMP0260,Guntakal_LH,Anantapur,Andhra Pradesh,Rural,,,,,0,0,,,,,,,,,,,,,,,
50,TSKL0076,Hydershah kote(Sun City)_KL,Hyderabad,Telangana,Urban,,,,,0,0,,,,,,,,,,,,,,,
51,APKL0168,Kadapa-2_KL,Kadapa,Andhra Pradesh,Urban,,,,,0,0,,,,,,,,,,,,,,,
52,APKL0020,Kadapa_KL,Kadapa,Andhra Pradesh,Urban,,,,,0,0,,,,,,,,,,,,,,,
53,APKL0041,Kadiri_KL,Sri Sathya Sai,Andhra Pradesh,Rural,,,,,0,0,,,,,,,,,,,,,,,
54,APKL0115,Kakinada_KL,Kakinada,Andhra Pradesh,Urban,,,,,0,0,,,,,,,,,,,,,,,
55,APKL0018,Kalikiri_KL,Annamayya,Andhra Pradesh,Rural,,,,,0,0,,,,,,,,,,,,,,,
56,TSJLG0224,Kallur_JLG,Khammam,Telangana,Rural,,,,,0,0,,,,,,,,,,,,,,,
57,APMP0231,Kandukur_LH,Nellore,Andhra Pradesh,Rural,,,,,0,0,,,,,,,,,,,,,,,
58,APJLG0265,Karapa_JLG,Kakinada,Andhra Pradesh,Rural,,,,,0,0,,,,,,,,,,,,,,,
59,APMP0258,Addanki_LH,Bapatla,Andhra Pradesh,Rural,,,,,0,0,,,,,,,,,,,,,,,
60,APMP0141,Amalapuram_LH,Dr. B.R. Ambedkar Konaseema,Andhra Pradesh,Rural,,,,,0,0,,,,,,,,,,,,,,,
61,APKL0056,Anantapur-2_KL,Anantapur,Andhra Pradesh,Urban,,,,,0,0,,,,,,,,,,,,,,,
62,APKL0002,Badvel_KL,Kadapa,Andhra Pradesh,Rural,,,,,0,0,,,,,,,,,,,,,,,
63,APJLG0287,Bapulapadu_JLG,Krishna,Andhra Pradesh,Rural,,,,,0,0,,,,,,,,,,,,,,,
64,APKL0013,Bhimadole_KL,Eluru,Andhra Pradesh,Rural,,,,,0,0,,,,,,,,,,,,,,,
65,APKL0003,Bhimavaram_KL,West Godavari,Andhra Pradesh,Rural,,,,,0,0,,,,,,,,,,,,,,,
66,ORJLG0333,Buguda_JLG,Ganjam,Orissa,Rural,,,,,0,0,,,,,,,,,,,,,,,
67,APKL0106,Chagallu_KL,East Godavari,Andhra Pradesh,Rural,,,,,0,0,,,,,,,,,,,,,,,
68,APJLG0306,Chandole_JLG,Bapatla,Andhra Pradesh,Rural,,,,,0,0,,,,,,,,,,,,,,,
69,APJLG0305,Chebrolu_JLG,Guntur,Andhra Pradesh,Rural,,,,,0,0,,,,,,,,,,,,,,,
70,APKL0028,Cherukupalli_KL,Bapatla,Andhra Pradesh,Rural,,,,,0,0,,,,,,,,,,,,,,,
71,APKL0004,Chimakurthi_KL,Prakasam,Andhra Pradesh,Rural,,,,,0,0,,,,,,,,,,,,,,,
72,APJLG0281,Cumbum_JLG,Prakasam,Andhra Pradesh,Rural,,,,,0,0,,,,,,,,,,,,,,,
73,APKL0016,Dharmavaram_KL,Sri Sathya Sai,Andhra Pradesh,Rural,,,,,0,0,,,,,,,,,,,,,,,
74,APKL0060,Dhone_KL,Nandyal,Andhra Pradesh,Rural,,,,,0,0,,,,,,,,,,,,,,,
75,ORJLG0296,Digapahandi_JLG,Ganjam,Orissa,Rural,,,,,0,0,,,,,,,,,,,,,,,
76,APJLG0285,Dwaraka Tirumala_JLG,Eluru,Andhra Pradesh,Rural,,,,,0,0,,,,,,,,,,,,,,,
77,APKL0156,Gokavaram_KL,East Godavari,Andhra Pradesh,Rural,,,,,0,0,,,,,,,,,,,,,,,
78,APKL0172,Gooty_KL,Anantapur,Andhra Pradesh,Rural,,,,,0,0,,,,,,,,,,,,,,,
79,APKL0104,Gudivada_KL,Krishna,Andhra Pradesh,Rural,,,,,0,0,,,,,,,,,,,,,,,
80,APKL0001,Gunadala_KL,Krishna,Andhra Pradesh,Urban,,,,,0,0,,,,,,,,,,,,,,,
81,APKL0179,Guntakal_KL,Anantapur,Andhra Pradesh,Rural,,,,,0,0,,,,,,,,,,,,,,,
82,APKL0238,Hindupur_2,Sri Sathya Sai,Andhra Pradesh,Urban,,,,,0,0,,,,,,,,,,,,,,,
83,APMP0129,Hindupur_LH,Sri Sathya Sai,Andhra Pradesh,Rural,,,,,0,0,,,,,,,,,,,,,,,
84,ORJLG0336,Jagannath Prasad_JLG,Ganjam,Orissa,Rural,,,,,0,0,,,,,,,,,,,,,,,
85,APJLG0203,Jaggaiahpet_JLG,NTR,Andhra Pradesh,Rural,,,,,0,0,,,,,,,,,,,,,,,
86,APMP0098,Kadiyam_LH(Rajahmundry),East Godavari,Andhra Pradesh,Urban,,,,,0,0,,,,,,,,,,,,,,,
87,APKL0025,Kothapeta_KL,Guntur,Andhra Pradesh,Urban,,,,,0,0,,,,,,,,,,,,,,,
88,APKL0134,Akkayyapalem_KL,Visakhapatnam,Andhra Pradesh,Urban,,,,,0,0,,,,,,,,,,,,,,,
89,APKL0063,Amaravathi_KL,Palnadu,Andhra Pradesh,Urban,,,,,0,0,,,,,,,,,,,,,,,
90,APMP0157,Anakapalle_LH,Anakapalle,Andhra Pradesh,Urban,,,,,0,0,,,,,,,,,,,,,,,
91,APKL0174,Anakapalli_KL,Anakapalle,Andhra Pradesh,Urban,,,,,0,0,,,,,,,,,,,,,,,
92,APMP0130,Anantapur_LH,Anantapur,Andhra Pradesh,Urban,,,,,0,0,,,,,,,,,,,,,,,
93,KAMP0176,Bangarpet_LH,Kolar,Karnataka,Rural,,,,,0,0,,,,,,,,,,,,,,,
94,APKL0011,Bangaruplayam_KL,Chittoor,Andhra Pradesh,Rural,,,,,0,0,,,,,,,,,,,,,,,
95,APJLG0327,Bantumilli_JLG,Krishna,Andhra Pradesh,Rural,,,,,0,0,,,,,,,,,,,,,,,
96,APKL0053,Bobbili_KL,Vizianagaram,Andhra Pradesh,Rural,,,,,0,0,,,,,,,,,,,,,,,
97,ORJLG0290,Chatrapur_JLG,Ganjam,Orissa,Rural,,,,,0,0,,,,,,,,,,,,,,,
98,APKL0078,Chennekothapalli_KL,Sri Sathya Sai,Andhra Pradesh,Rural,,,,,0,0,,,,,,,,,,,,,,,
99,APJLG0228,Cherukupalli_JLG,Bapatla,Andhra Pradesh,rural,,,,,0,0,,,,,,,,,,,,,,,
100,APKL0026,Chilakaluripet_KL,Palnadu,Andhra Pradesh,Rural,,,,,0,0,,,,,,,,,,,,,,,
101,APJLG0286,Chintalapudi_JLG,Eluru,Andhra Pradesh,Rural,,,,,0,0,,,,,,,,,,,,,,,
102,APJLG0272,Chodavaram_JLG,Anakapalle,Andhra Pradesh,Rural,,,,,0,0,,,,,,,,,,,,,,,
103,APMP0248,Cumbum_LH,Prakasam,Andhra Pradesh,Rural,,,,,0,0,,,,,,,,,,,,,,,
104,APKL0046,Darsi_KL,Prakasam,Andhra Pradesh,Rural,,,,,0,0,,,,,,,,,,,,,,,
105,APKL0175,Gajuwaka_KL,Visakhapatnam,Andhra Pradesh,Urban,,,,,0,0,,,,,,,,,,,,,,,
106,APKL0213,Gopalapatnam_KL,Visakhapatnam,Andhra Pradesh,Rural,,,,,0,0,,,,,,,,,,,,,,,
107,APKL0068,Hindupur_KL,Sri Sathya Sai,Andhra Pradesh,Rural,,,,,0,0,,,,,,,,,,,,,,,
108,ORJLG0334,Hinjilicut_JLG,Ganjam,Orissa,Rural,,,,,0,0,,,,,,,,,,,,,,,
109,TSMP0312,Hyderabad_LH,Hyderabad,Telangana,Urban,,,,,0,0,,,,,,,,,,,,,,,
110,APKL0024,Jangareddygudem_KL,Eluru,Andhra Pradesh,Rural,,,,,0,0,,,,,,,,,,,,,,,
111,APMP0256,Jangareddygudem_LH,Eluru,Andhra Pradesh,Rural,,,,,0,0,,,,,,,,,,,,,,,
112,APJLG0185,Kaikalur_JLG,Eluru,Andhra Pradesh,Rural,,,,,0,0,,,,,,,,,,,,,,,
113,APKL0039,Kathipudi_KL,Kakinada,Andhra Pradesh,Rural,,,,,0,0,,,,,,,,,,,,,,,
114,APKL0105,Komarolu_KL,Prakasam,Andhra Pradesh,Rural,,,,,0,0,,,,,,,,,,,,,,,
115,APJLG0304,Korukonda_JLG,East Godavari,Andhra Pradesh,Rural,,,,,0,0,,,,,,,,,,,,,,,
116,APKL0007,Koyyalagudem_KL,Eluru,Andhra Pradesh,Rural,,,,,0,0,,,,,,,,,,,,,,,
117,APJLG0323,Kuchipudi_JLG,Krishna,Andhra Pradesh,Rural,,,,,0,0,,,,,,,,,,,,,,,
118,APKL0037,Karlapalem_KL,Bapatla,Andhra Pradesh,Rural,,,,,0,0,,,,,,,,,,,,,,,
119,APKL0182,Kondapalli_KL,NTR,Andhra Pradesh,Rural,,,,,0,0,,,,,,,,,,,,,,,
120,APKL0119,Kota_KL,Tirupati,Andhra Pradesh,Rural,,,,,0,0,,,,,,,,,,,,,,,
121,APJLG0273,Kotananduru_JLG,Kakinada,Andhra Pradesh,Rural,,,,,0,0,,,,,,,,,,,,,,,
122,TSJLG0284,Kothagudem_JLG,Bhadradri Kothagudem,Telangana,Rural,,,,,0,0,,,,,,,,,,,,,,,
123,APJLG0196,Koyyalagudem_JLG,Eluru,Andhra Pradesh,Rural,,,,,0,0,,,,,,,,,,,,,,,
124,APMP0128,Madanapalle_LH,Annamayya,Andhra Pradesh,Rural,,,,,0,0,,,,,,,,,,,,,,,
125,TSJLG0199,Madhira_JLG,Khammam,Telangana,rural,,,,,0,0,,,,,,,,,,,,,,,
126,APKL0034,Mandapet_KL,Dr. B.R. Ambedkar Konaseema,Andhra Pradesh,Rural,,,,,0,0,,,,,,,,,,,,,,,
127,APJLG0237,Mylavaram_JLG,NTR,Andhra Pradesh,Rural,,,,,0,0,,,,,,,,,,,,,,,
128,APKL0215,Naidupet_KL,Tirupati,Andhra Pradesh,Rural,,,,,0,0,,,,,,,,,,,,,,,
129,APKL0032,Narasaraopet_KL,Palnadu,Andhra Pradesh,Rural,,,,,0,0,,,,,,,,,,,,,,,
130,APMP0096,Narsipatnam_LH,Anakapalle,Andhra Pradesh,Rural,,,,,0,0,,,,,,,,,,,,,,,
131,APKL0122,Nellore_KL,Nellore,Andhra Pradesh,Urban,,,,,0,0,,,,,,,,,,,,,,,
132,APKL0080,Obula Devara Cheruvu_KL,Sri Sathya Sai,Andhra Pradesh,Rural,,,,,0,0,,,,,,,,,,,,,,,
133,APKL0113,Ongole_KL,Prakasam,Andhra Pradesh,Rural,,,,,0,0,,,,,,,,,,,,,,,
134,APKL0101,Palasa_KL,Srikakulam,Andhra Pradesh,Rural,,,,,0,0,,,,,,,,,,,,,,,
135,APKL0120,Pamidi_KL,Anantapur,Andhra Pradesh,Rural,,,,,0,0,,,,,,,,,,,,,,,
136,APKL0247,Pathapatnam_KL,Srikakulam,Andhra Pradesh,Rural,,,,,0,0,,,,,,,,,,,,,,,
137,APKL0170,Pattikonda_KL,Kurnool,Andhra Pradesh,Rural,,,,,0,0,,,,,,,,,,,,,,,
138,KAKL0210,Pavagada_KL,Tumkur,Karnataka,Rural,,,,,0,0,,,,,,,,,,,,,,,
139,APJLG0229,Pedanandipadu_JLG,Guntur,Andhra Pradesh,Rural,,,,,0,0,,,,,,,,,,,,,,,
140,APJLG0241,Pithapuram_JLG,Kakinada,Andhra Pradesh,Rural,,,,,0,0,,,,,,,,,,,,,,,
141,APJLG0278,Podili_JLG,Prakasam,Andhra Pradesh,Rural,,,,,0,0,,,,,,,,,,,,,,,
142,APKL0073,Podili_KL,Prakasam,Andhra Pradesh,Rural,,,,,0,0,,,,,,,,,,,,,,,
143,APMP0232,Podili_LH,Prakasam,Andhra Pradesh,Rural,,,,,0,0,,,,,,,,,,,,,,,
144,APJLG0226,Ponnur_JLG,Guntur,Andhra Pradesh,Rural,,,,,0,0,,,,,,,,,,,,,,,
145,APKL0054,Ponnur_KL,Guntur,Andhra Pradesh,Rural,,,,,0,0,,,,,,,,,,,,,,,
146,APMP0161,Ponnur_LH,Guntur,Andhra Pradesh,Rural,,,,,0,0,,,,,,,,,,,,,,,
147,APJLG0291,Madanapalle_JLG,Annamayya,Andhra Pradesh,Rural,,,,,0,0,,,,,,,,,,,,,,,
148,APKL0010,Madanapalle_KL,Annamayya,Andhra Pradesh,Rural,,,,,0,0,,,,,,,,,,,,,,,
149,KAMP0165,Madhugiri_LH,Tumkur,Karnataka,Rural,,,,,0,0,,,,,,,,,,,,,,,
150,APJLG0280,Markapuram_JLG,Prakasam,Andhra Pradesh,Rural,,,,,0,0,,,,,,,,,,,,,,,
151,APKL0154,Markapuram_KL,Prakasam,Andhra Pradesh,Urban,,,,,0,0,,,,,,,,,,,,,,,
152,KAMP0178,Mulbagal_LH,Kolar,Karnataka,Rural,,,,,0,0,,,,,,,,,,,,,,,
153,APJLG0268,Mundlamuru_JLG,Prakasam,Andhra Pradesh,Rural,,,,,0,0,,,,,,,,,,,,,,,
154,APKL0021,Mydukur_KL,Kadapa,Andhra Pradesh,Rural,,,,,0,0,,,,,,,,,,,,,,,
155,APKL0090,Nallajerla_KL,East Godavari,Andhra Pradesh,Rural,,,,,0,0,,,,,,,,,,,,,,,
156,APKL0091,Nandyal_KL,Nandyal,Andhra Pradesh,Urban,,,,,0,0,,,,,,,,,,,,,,,
157,APKL0072,Narayanapuram_KL,Eluru,Andhra Pradesh,Rural,,,,,0,0,,,,,,,,,,,,,,,
158,APKL0094,Narsipatnam_KL,Anakapalle,Andhra Pradesh,Rural,,,,,0,0,,,,,,,,,,,,,,,
159,APJLG0262,Nidadavolu_JLG,East Godavari,Andhra Pradesh,Rural,,,,,0,0,,,,,,,,,,,,,,,
160,APMP0142,Palakollu_LH,West Godavari,Andhra Pradesh,Rural,,,,,0,0,,,,,,,,,,,,,,,
161,APJLG0292,Palamaner_JLG,Chittoor,Andhra Pradesh,Rural,,,,,0,0,,,,,,,,,,,,,,,
162,APKL0017,Palamaner_KL,Chittoor,Andhra Pradesh,Rural,,,,,0,0,,,,,,,,,,,,,,,
163,KAMP0139,Pavagada_LH,Tumkur,Karnataka,Rural,,,,,0,0,,,,,,,,,,,,,,,
164,APKL0047,Piler_KL,Annamayya,Andhra Pradesh,Rural,,,,,0,0,,,,,,,,,,,,,,,
165,APKL0005,Prathipadu(EG)_KL,Kakinada,Andhra Pradesh,Rural,,,,,0,0,,,,,,,,,,,,,,,
166,APJLG0263,Prathipadu-EG_JLG,Kakinada,Andhra Pradesh,Rural,,,,,0,0,,,,,,,,,,,,,,,
167,APJLG0239,Rajanagaram_JLG,East Godavari,Andhra Pradesh,Rural,,,,,0,0,,,,,,,,,,,,,,,
168,APMP0164,Rayadurgam_LH,Anantapur,Andhra Pradesh,Rural,,,,,0,0,,,,,,,,,,,,,,,
169,APMP0159,Repalle_LH,Bapatla,Andhra Pradesh,Rural,,,,,0,0,,,,,,,,,,,,,,,
170,APKL0214,Sompeta,Srikakulam,Andhra Pradesh,Rural,,,,,0,0,,,,,,,,,,,,,,,
171,APKL0066,Tagarapuvalasa_KL,Visakhapatnam,Andhra Pradesh,Rural,,,,,0,0,,,,,,,,,,,,,,,
172,APKL0220,Tanuku_KL,West Godavari,Andhra Pradesh,Rural,,,,,0,0,,,,,,,,,,,,,,,
173,APKL0191,Tekkali_KL,Srikakulam,Andhra Pradesh,Rural,,,,,0,0,,,,,,,,,,,,,,,
174,APJLG0267,Tetagunta_JLG,Kakinada,Andhra Pradesh,Rural,,,,,0,0,,,,,,,,,,,,,,,
175,APKL0206,Uravakonda_KL,Anantapur,Andhra Pradesh,Rural,,,,,0,0,,,,,,,,,,,,,,,
176,TNKL0062,Vellore_KL,Vellore,Tamil Nadu,Urban,,,,,0,0,,,,,,,,,,,,,,,
177,APMP0100,Nandyal_LH,Nandyal,Andhra Pradesh,Rural,,,,,0,0,,,,,,,,,,,,,,,
178,APMP0230,Ongole_LH,Prakasam,Andhra Pradesh,Urban,,,,,0,0,,,,,,,,,,,,,,,
179,APJLG0266,P.Gannavaram_JLG,Ambedkar konaseem,Andhra Pradesh,Rural,,,,,0,0,,,,,,,,,,,,,,,
180,APMP0126,Palamaner_LH,Chittoor,Andhra Pradesh,Rural,,,,,0,0,,,,,,,,,,,,,,,
181,APKL0049,Parvathipuram_KL,Parvathipuram Manyam,Andhra Pradesh,Rural,,,,,0,0,,,,,,,,,,,,,,,
182,APKL0067,Patnam Bazar_KL,Guntur,Andhra Pradesh,Urban,,,,,0,0,,,,,,,,,,,,,,,
183,APMP0234,Patnam Bazar_LH,Guntur,Andhra Pradesh,Urban,,,,,0,0,,,,,,,,,,,,,,,
184,APJLG0243,Pedana_JLG,Krishna,Andhra Pradesh,Rural,,,,,0,0,,,,,,,,,,,,,,,
185,APJLG0194,Penugonda_JLG,West Godavari,Andhra Pradesh,Rural,,,,,0,0,,,,,,,,,,,,,,,
186,APKL0055,Prathipadu_KL,Guntur,Andhra Pradesh,Rural,,,,,0,0,,,,,,,,,,,,,,,
187,APJLG0294,Punganur_JLG,Chittoor,Andhra Pradesh,Rural,,,,,0,0,,,,,,,,,,,,,,,
188,APKL0093,Rajanagaram_KL,East Godavari,Andhra Pradesh,Rural,,,,,0,0,,,,,,,,,,,,,,,
189,APKL0108,Ranasthalam_KL,Srikakulam,Andhra Pradesh,Rural,,,,,0,0,,,,,,,,,,,,,,,
190,APMP0140,Ravulapalem_LH,Dr. B.R. Ambedkar Konaseema,Andhra Pradesh,Rural,,,,,0,0,,,,,,,,,,,,,,,
191,APJLG0270,Repalle_JLG,Bapatla,Andhra Pradesh,Rural,,,,,0,0,,,,,,,,,,,,,,,
192,APKL0036,Repalle_KL,Bapatla,Andhra Pradesh,Rural,,,,,0,0,,,,,,,,,,,,,,,
193,APJLG0245,Sattenapalli_JLG,Palnadu,Andhra Pradesh,Rural,,,,,0,0,,,,,,,,,,,,,,,
194,TSKL0075,Serilingampally_KL,Rangareddi,Telangana,Rural,,,,,0,0,,,,,,,,,,,,,,,Add this to Ser Lingampally Gold Loans
195,APKL0116,Singarayakonda_KL,Prakasam,Andhra Pradesh,Rural,,,,,0,0,,,,,,,,,,,,,,,
196,APKL0087,Srungavarapukota_KL,Vizianagaram,Andhra Pradesh,Rural,,,,,0,0,,,,,,,,,,,,,,,
197,APMP0150,Tadepalligudem_LH,West Godavari,Andhra Pradesh,Rural,,,,,0,0,,,,,,,,,,,,,,,
198,TNMP0166,Vellore_LH,Vellore,Tamil Nadu,Urban,,,,,0,0,,,,,,,,,,,,,,,
199,TSJLG0279,Vemsoor_JLG,Khammam,Telangana,Rural,,,,,0,0,,,,,,,,,,,,,,,
200,APKL0015,Venkatagirikota_KL,Chittoor,Andhra Pradesh,Rural,,,,,0,0,,,,,,,,,,,,,,,
201,APKL0144,Vinukonda-2_KL,Palnadu,Andhra Pradesh,Rural,,,,,0,0,,,,,,,,,,,,,,,
202,APJLG0236,Vissannapeta_JLG,NTR,Andhra Pradesh,Rural,,,,,0,0,,,,,,,,,,,,,,,
203,TSJLG0222,Wyra_JLG,Khammam,Telangana,Rural,,,,,0,0,,,,,,,,,,,,,,,
204,APKL0189,Yemmiganur_KL,Kurnool,Andhra Pradesh,Rural,,,,,0,0,,,,,,,,,,,,,,,
205,APJLG0298,Kuppam_JLG,Chittoor,Andhra Pradesh,Rural,,,,,0,0,,,,,,,,,,,,,,,
206,APKL0112,Macherla_KL,Palnadu,Andhra Pradesh,Rural,,,,,0,0,,,,,,,,,,,,,,,
207,APKL0133,Madhurawada_KL,Visakhapatnam,Andhra Pradesh,rural,,,,,0,0,,,,,,,,,,,,,,,
208,APJLG0332,Martur_JLG,Bapatla,Andhra Pradesh,Rural,,,,,0,0,,,,,,,,,,,,,,,
209,APKL0092,Medarametla_KL,Bapatla,Andhra Pradesh,Rural,,,,,0,0,,,,,,,,,,,,,,,
210,APJLG0187,Mudinepalli_JLG,Eluru,Andhra Pradesh,Rural,,,,,0,0,,,,,,,,,,,,,,,
211,APKL0035,Mummadivaram_KL,Dr. B.R. Ambedkar Konaseema,Andhra Pradesh,Rural,,,,,0,0,,,,,,,,,,,,,,,
212,APKL0188,Narasannapeta_KL,Srikakulam,Andhra Pradesh,Urban,,,,,0,0,,,,,,,,,,,,,,,
213,TSJLG0302,Nereducherla_JLG,Suryapet,Telangana,Rural,,,,,0,0,,,,,,,,,,,,,,,
214,APMP0148,Nidadavolu_LH,East Godavari,Andhra Pradesh,Rural,,,,,0,0,,,,,,,,,,,,,,,
215,APKL0217,Palakollu_KL,West Godavari,Andhra Pradesh,Rural,,,,,0,0,,,,,,,,,,,,,,,
216,APKL0052,Palakonda_KL,Parvathipuram Manyam,Andhra Pradesh,Rural,,,,,0,0,,,,,,,,,,,,,,,
217,APKL0077,Pamuru_KL,Prakasam,Andhra Pradesh,Rural,,,,,0,0,,,,,,,,,,,,,,,
218,APJLG0325,Peddapuram_JLG,East Godavari,Andhra Pradesh,Rural,,,,,0,0,,,,,,,,,,,,,,,
219,APKL0008,Punganur_KL,Chittoor,Andhra Pradesh,Rural,,,,,0,0,,,,,,,,,,,,,,,
220,APKL0030,Rajahmundry_KL,East Godavari,Andhra Pradesh,Urban,,,,,0,0,,,,,,,,,,,,,,,
221,APKL0014,Rajam_KL,Vizianagaram,Andhra Pradesh,Rural,,,,,0,0,,,,,,,,,,,,,,,
222,APKL0114,Ravulapalem_KL,Dr. B.R. Ambedkar Konaseema,Andhra Pradesh,Rural,,,,,0,0,,,,,,,,,,,,,,,
223,APKL0058,Salur_KL,Parvathipuram Manyam,Andhra Pradesh,Rural,,,,,0,0,,,,,,,,,,,,,,,
224,APMP0145,Samarlakota_LH,Kakinada,Andhra Pradesh,Rural,,,,,0,0,,,,,,,,,,,,,,,
225,APKL0132,Sujatha Nagar_KL,Visakhapatnam,Andhra Pradesh,Rural,,,,,0,0,,,,,,,,,,,,,,,
226,APKL0085,T Sundupalle_KL,Annamayya,Andhra Pradesh,Rural,,,,,0,0,,,,,,,,,,,,,,,
227,APKL0029,Tadepalligudem_KL,West Godavari,Andhra Pradesh,Rural,,,,,0,0,,,,,,,,,,,,,,,
228,APKL0064,Tadikonda_KL,Guntur,Andhra Pradesh,Rural,,,,,0,0,,,,,,,,,,,,,,,
229,APKL0181,Tadithota(Rajahmundry-2)_KL,East Godavari,Andhra Pradesh,Urban,,,,,0,0,,,,,,,,,,,,,,,
230,APKL0023,Tallapudi_KL,East Godavari,Andhra Pradesh,Rural,,,,,0,0,,,,,,,,,,,,,,,
231,ORJLG0318,Tangi_JLG,Khordha ,Orissa,Rural,,,,,0,0,,,,,,,,,,,,,,,
232,APKL0123,Tanguturu_KL,Prakasam,Andhra Pradesh,Rural,,,,,0,0,,,,,,,,,,,,,,,
233,APKL0069,Thullur_KL,Guntur,Andhra Pradesh,Rural,,,,,0,0,,,,,,,,,,,,,,,
234,APJLG0242,Undi_JLG,West Godavari,Andhra Pradesh,Rural,,,,,0,0,,,,,,,,,,,,,,,
235,APKL0012,Proddatur_KL,Kadapa,Andhra Pradesh,Rural,,,,,0,0,,,,,,,,,,,,,,,
236,ORJLG0297,Purusottampur_JLG,Ganjam,Orissa,Rural,,,,,0,0,,,,,,,,,,,,,,,
237,APJLG0295,Puthalapattu_JLG,Chittoor,Andhra Pradesh,Rural,,,,,0,0,,,,,,,,,,,,,,,
238,APKL0009,Rayachoti_KL,Annamayya,Andhra Pradesh,Rural,,,,,0,0,,,,,,,,,,,,,,,
239,APKL0173,Rayadurgam_KL,Anantapur,Andhra Pradesh,Rural,,,,,0,0,,,,,,,,,,,,,,,
240,APKL0103,Srikakulam_KL,Srikakulam,Andhra Pradesh,Urban,,,,,0,0,,,,,,,,,,,,,,,
241,APKL0233,Sullurpeta_KL,Tirupati,Andhra Pradesh,Rural,,,,,0,0,,,,,,,,,,,,,,,
242,APKL0102,Tadipatri_KL,Anantapur,Andhra Pradesh,Rural,,,,,0,0,,,,,,,,,,,,,,,
243,APKL0038,Tenali_KL,Guntur,Andhra Pradesh,Rural,,,,,0,0,,,,,,,,,,,,,,,
244,APMP0162,Tenali_LH,Guntur,Andhra Pradesh,Rural,,,,,0,0,,,,,,,,,,,,,,,
245,APKL0031,Tuni_KL,Kakinada,Andhra Pradesh,Rural,,,,,0,0,,,,,,,,,,,,,,,
246,APMP0151,Tuni_LH,Kakinada,Andhra Pradesh,Rural,,,,,0,0,,,,,,,,,,,,,,,
247,APKL0084,Velugodu_KL,Nandyal,Andhra Pradesh,Rural,,,,,0,0,,,,,,,,,,,,,,,
248,APKL0207,Vetapalem_KL,Bapatla,Andhra Pradesh,Rural,,,,,0,0,,,,,,,,,,,,,,,
249,APKL0086,Vizianagaram_KL,Vizianagaram,Andhra Pradesh,Urban,,,,,0,0,,,,,,,,,,,,,,,
250,APJLG0186,Vuyyuru_JLG,Krishna,Andhra Pradesh,Rural,,,,,0,0,,,,,,,,,,,,,,,
251,PUJLG0264,Yanam_JLG,Yanam,Pondicherry,Rural,,,,,0,0,,,,,,,,,,,,,,,
252,APKL0212,Yelamanchili_KL,Visakhapatnam,Andhra Pradesh,Rural,,,,,0,0,,,,,,,,,,,,,,,
253,APKL0125,Yeleswaram_KL,Kakinada,Andhra Pradesh,Rural,,,,,0,0,,,,,,,,,,,,,,,
254,APJLG0293,Venkatagirikota_JLG,Chittoor,Andhra Pradesh,Rural,,,,,0,0,,,,,,,,,,,,,,,
255,APKL0089,Vissannapeta_KL,NTR,Andhra Pradesh,Rural,,,,,0,0,,,,,,,,,,,,,,,
256,APJLG0197,Unguturu_JLG,Eluru,Andhra Pradesh,Rural,,,,,0,0,,,,,,,,,,,,,,,
257,APKL0211,Veeraghattam_KL,Parvathipuram Manyam,Andhra Pradesh,Rural,,,,,0,0,,,,,,,,,,,,,,,
258,APJLG0195,Veeravasaram_JLG,West Godavari,Andhra Pradesh,Rural,,,,,0,0,,,,,,,,,,,,,,,
259,APMP0163,Venkatagirikota_LH,Chittoor,Andhra Pradesh,Rural,,,,,0,0,,,,,,,,,,,,,,,
260,APKL0027,Vinukonda_KL,Palnadu,Andhra Pradesh,Rural,,,,,0,0,,,,,,,,,,,,,,,
261,PUMP0149,Yanam_LH,Yanam,Pondicherry,Urban,,,,,0,0,,,,,,,,,,,,,,,
262,TSKL0310,Madhira_KL,Khammam,Telangana,Urban,,,,,0,0,,,,,,,,,,,,,,,
263,TSKL0311,Maripeda_KL,Mahabubabad,Telangana,Urban,,,,,0,0,,,,,,,,,,,,,,,
264,TSKL0306,Wyra_KL,Khammam,Telangana,Urban,,,,,0,0,,,,,,,,,,,,,,,
265,TSKL0307,Suryapet_KL,Nalgonda,Telangana,Urban,,,,,0,0,,,,,,,,,,,,,,,
266,APJLG0331,Perecherla_JLG,Guntur,Andhra Pradesh,Rural,,,,,0,0,,,,,,,,,,,,,,,
267,TSKL0308,Sathupalli_KL,Khammam,Telangana,Urban,,,,,0,0,,,,,,,,,,,,,,,
268,APJLG0352,Chirala_JLG,Bapatla,Andhra Pradesh,Rural,,,,,0,0,,,,,,,,,,,,,,,
269,APJLG0326,Denduluru_JLG,West Godavari,Andhra Pradesh,Rural,,,,,0,0,,,,,,,,,,,,,,,
270,APJLG0322,Devarapalli_JLG,West Godavari,Andhra Pradesh,Rural,,,,,0,0,,,,,,,,,,,,,,,
271,TSJLG0328,Enkuru_JLG,Khammam,Telangana,Rural,,,,,0,0,,,,,,,,,,,,,,,
272,TSKL0299,Khammam_KL,Khammam,Telangana,Urban,,,,,0,0,,,,,,,,,,,,,,,
273,APJLG0324,Nallajerla_JLG,East Godavari,Andhra Pradesh,Rural,,,,,0,0,,,,,,,,,,,,,,,
274,APJLG0355,Rompicherla_JLG,Palnadu,Andhra Pradesh,Rural,,,,,0,0,,,,,,,,,,,,,,,
275,APMP0146,Kakinada_LH,Kakinada,Andhra Pradesh,Urban,,,,,0,0,,,,,,,,,,,,,,,
276,APJLG0379,Nandigama_JLG,Krishna,Andhra Pradesh,Rural,,,,,0,0,,,,,,,,,,,,,,,
277,APKL0219,Akividu_KL,West Godavari,Andhra Pradesh,Rural,,,,,0,0,,,,,,,,,,,,,,,
278,APMP0380,Markapuram_LH,Prakasam,Andhra Pradesh,Urban,,,,,0,0,,,,,,,,,,,,,,,
279,TSJLG0313,Palwancha_JLG,Bhadradri Kothagudem,Telangana,Rural,,,,,0,0,,,,,,,,,,,,,,,
280,APJLG0357,Chandragiri_JLG,Tirupati,Andhra Pradesh,Rural,,,,,0,0,,,,,,,,,,,,,,,
281,ORJLG0335,Surada_JLG,Ganjam,Orissa,Rural,,,,,0,0,,,,,,,,,,,,,,,
282,APJLG0356,Piler_JLG,Annamayya,Andhra Pradesh,Rural,,,,,0,0,,,,,,,,,,,,,,,
283,TSKL0309,Kodad_KL,Suryapet,Telangana,Rural,,,,,0,0,,,,,,,,,,,,,,,
284,APJLG0348,Puttur_JLG,Chittoor,Andhra Pradesh,Rural,,,,,0,0,,,,,,,,,,,,,,,
285,APKL0300,Venkatagiri_KL,Tirupati,Andhra Pradesh,Rural,,,,,0,0,,,,,,,,,,,,,,,
286,ORJLG0358,Konisi_JLG,Ganjam,Orissa,Rural,,,,,0,0,,,,,,,,,,,,,,,
287,APJLG0349,Narsipatnam_JLG,Anakapalle,Andhra Pradesh,Rural,,,,,0,0,,,,,,,,,,,,,,,
288,APKL0289,Podalakur_KL,Nellore,Andhra Pradesh,Rural,,,,,0,0,,,,,,,,,,,,,,,
289,APSL0388,Rajahmundry_SL,East Godavari,Andhra Pradesh,Rural,,,,,0,0,,,,,,,,,,,,,,,
290,APSL0387,Annavaram_SL,Kakinada,Andhra Pradesh,Rural,,,,,0,0,,,,,,,,,,,,,,,
291,APJLG0350,Ravulapalem_JLG,Ambedkar konaseem,Andhra Pradesh,Rural,,,,,0,0,,,,,,,,,,,,,,,
,,,,,Total,,,,,0,0,,,,,,,,,,,,,,,
,,,,,,,,,,,,,,,,,,,,,,,,,,
KL denotes Gold Loan; JLG - Joint Liability Group Lending and LH - LAP & HL,,,,,,,,,,,,,,,,,,,,,,,,,,
,,,,,,,,,,,,,,,,,,,,,,,,,,
Districtwise break-up,,,,,,,,,,,,,,,,,,,,,,,,,,
,,,,,,,,,,,,,,,,,,,,,,,,,,
SN,District,State,Number of ActiveLoans,"Principal Outstanding of Active Loans
(In Crs)",Standard Portfolio with 0 DPD,No of loans in arrears,No of loans written off,"Write offs in the quarter 
(In Crs)","Total PAR 
(In Crs)",1-30 DPD Loans Outstanding ,31-60 DPD Loans Oustatnding,61-90 DPD Loans Oustatnding,91 to 120 DPD Loans Oustatnding,121-150 DPD Loans Outstanding,151-180 DPD Loans Outstanding,181-365 DPD Loans Outstanding,>365 DPD Loans Ousttanding,PAR >0 days,% of  PAR >0 days,PAR >90days,% of PAR >90 days,,,,,
1,Visakhapatnam,Andhra Pradesh,,,,,0,0,,,,,,,,,,,,,,,,,,
2,Bapatla,Andhra Pradesh,,,,,0,0,,,,,,,,,,,,,,,,,,
3,Palnadu,Andhra Pradesh,,,,,0,0,,,,,,,,,,,,,,,,,,
4,Anantapur,Andhra Pradesh,,,,,0,0,,,,,,,,,,,,,,,,,,
5,Kakinada,Andhra Pradesh,,,,,0,0,,,,,,,,,,,,,,,,,,
6,Anakapalle,Andhra Pradesh,,,,,0,0,,,,,,,,,,,,,,,,,,
7,Nandyal,Andhra Pradesh,,,,,0,0,,,,,,,,,,,,,,,,,,
8,West Godavari,Andhra Pradesh,,,,,0,0,,,,,,,,,,,,,,,,,,
9,Chittoor,Andhra Pradesh,,,,,0,0,,,,,,,,,,,,,,,,,,
10,East Godavari,Andhra Pradesh,,,,,0,0,,,,,,,,,,,,,,,,,,
11,Sri Sathya Sai,Andhra Pradesh,,,,,0,0,,,,,,,,,,,,,,,,,,
12,Suryapet,Telangana,,,,,0,0,,,,,,,,,,,,,,,,,,
13,NTR,Andhra Pradesh,,,,,0,0,,,,,,,,,,,,,,,,,,
14,Kadapa,Andhra Pradesh,,,,,0,0,,,,,,,,,,,,,,,,,,
15,Nellore,Andhra Pradesh,,,,,0,0,,,,,,,,,,,,,,,,,,
16,Prakasam,Andhra Pradesh,,,,,0,0,,,,,,,,,,,,,,,,,,
17,Krishna,Andhra Pradesh,,,,,0,0,,,,,,,,,,,,,,,,,,
18,Vizianagaram,Andhra Pradesh,,,,,0,0,,,,,,,,,,,,,,,,,,
19,Srikakulam,Andhra Pradesh,,,,,0,0,,,,,,,,,,,,,,,,,,
20,Khammam,Telangana,,,,,0,0,,,,,,,,,,,,,,,,,,
21,Dr. B.R. Ambedkar Konaseema,Andhra Pradesh,,,,,0,0,,,,,,,,,,,,,,,,,,
22,Bhadradri Kothagudem,Telangana,,,,,0,0,,,,,,,,,,,,,,,,,,
23,Annamayya,Andhra Pradesh,,,,,0,0,,,,,,,,,,,,,,,,,,
24,Hyderabad,Telangana,,,,,0,0,,,,,,,,,,,,,,,,,,
25,Eluru,Andhra Pradesh,,,,,0,0,,,,,,,,,,,,,,,,,,
26,Ganjam,Orissa,,,,,0,0,,,,,,,,,,,,,,,,,,
27,Guntur,Andhra Pradesh,,,,,0,0,,,,,,,,,,,,,,,,,,
28,Kolar,Karnataka,,,,,0,0,,,,,,,,,,,,,,,,,,
29,Tirupati,Andhra Pradesh,,,,,0,0,,,,,,,,,,,,,,,,,,
30,Kurnool,Andhra Pradesh,,,,,0,0,,,,,,,,,,,,,,,,,,
31,Tumkur,Karnataka,,,,,0,0,,,,,,,,,,,,,,,,,,
32,Vellore,Tamil Nadu,,,,,0,0,,,,,,,,,,,,,,,,,,
33,Ambedkar konaseem,Andhra Pradesh,,,,,0,0,,,,,,,,,,,,,,,,,,
34,Parvathipuram Manyam,Andhra Pradesh,,,,,0,0,,,,,,,,,,,,,,,,,,
35,Rangareddi,Telangana,,,,,0,0,,,,,,,,,,,,,,,,,,
36,Khordha ,Orissa,,,,,0,0,,,,,,,,,,,,,,,,,,
37,Yanam,Pondicherry,,,,,0,0,,,,,,,,,,,,,,,,,,
38,Mahabubabad,Telangana,,,,,0,0,,,,,,,,,,,,,,,,,,
39,Nalgonda,Telangana,,,,,0,0,,,,,,,,,,,,,,,,,,
,,Total,,,,,0,0,,,,,,,,,,,,,,,,,,
,,,,,,,0,0,,,,,,,,,,,,,,,,,,
State wise Break-up,,,,,,,,,,,,,,,,,,,,,,,,,,
,,,,,,,,,,,,,,,,,,,,,,,,,,
SN,State,Number of ActiveLoans,"Principal Outstanding of Active Loans
(In Crs)",Standard Portfolio with 0 DPD,No of loans in arrears,No of loans written off,"Write offs in the quarter 
(In Crs)","Total PAR 
(In Crs)",1-30 DPD Loans Outstanding ,31-60 DPD Loans Oustatnding,61-90 DPD Loans Oustatnding,91 to 120 DPD Loans Oustatnding,121-150 DPD Loans Outstanding,151-180 DPD Loans Outstanding,181-365 DPD Loans Outstanding,>365 DPD Loans Ousttanding,PAR >0 days,% of  PAR >0 days,PAR >90days,% of PAR >90 days,,,,,,
1,Andhra Pradesh,,,,,0,0,,,,,,,,,,,,,,,,,,,
2,Karnataka,,,,,0,0,,,,,,,,,,,,,,,,,,,
3,Orissa,,,,,0,0,,,,,,,,,,,,,,,,,,,
4,Pondicherry,,,,,0,0,,,,,,,,,,,,,,,,,,,
5,Tamil Nadu,,,,,0,0,,,,,,,,,,,,,,,,,,,
6,Telangana,,,,,0,0,,,,,,,,,,,,,,,,,,,
,Total,,,,,0,0,,,,,,,,,,,,,,,,,,,
"AP has  over 80% of the total portfolio,  AP has higher PAR compared to other states",,,,,,0,0,,,,,,,,,,,,,,,,,,,
,,,,,,,,,,,,,,,,,,,,,,,,,,
Tenorwise break-up,,,,,,,,,,,,,,,,,,,,,,,,,,
,,,,,,,,,,,,,,,,,,,,,,,,,,
SN,Original Tenor,Number of ActiveLoans,"Principal Outstanding of Active Loans
(In Crs)",Standard Portfolio with 0 DPD,No of loans in arrears,No of loans written off,"Write offs in the quarter 
(In Crs)","Total PAR 
(In Crs)",1-30 DPD Loans Outstanding ,31-60 DPD Loans Oustatnding,61-90 DPD Loans Oustatnding,91 to 120 DPD Loans Oustatnding,121-150 DPD Loans Outstanding,151-180 DPD Loans Outstanding,181-365 DPD Loans Outstanding,>365 DPD Loans Ousttanding,PAR >0 days,% of  PAR >0 days,PAR >90days,% of PAR >90 days,,,,,,
1,Upto 1 Year,144613,759.4487433399,759.4445000089,2,0,0,0.004243331,0,0,0.004083331,0,0,0,0.00016,0,0.004243331,5.5873830027536815e-06,0.00016,2.1067912930680848e-07,,,,,,
2,1 to 2 years,179154,721.786746619902,720.157217596902,334,0,0,1.6295290230000001,0.77378259,0.393499963,0.246307716,0.09891858199999999,0.026193992000000003,0.042011971,0.023037415,0.025776794,1.6295290230000001,0.002257632230892321,0.215938754,0.0002991725118412501,,,,,,
3,2 to 3 years,173,2.7624852890000002,2.7515210750000003,2,0,0,0.010964214,0,0,0,0,0,0.003034089,0.007930125,0,0.010964214,0.003968967380082942,0.010964214,0.003968967380082942,,,,,,
4,3 to 5 years,1215,45.909028727,45.611654185,8,0,0,0.297374542,0.142570873,0.11999143799999999,0,0,0,0.034812231,0,0,0.297374542,0.006477474044775603,0.034812231,0.0007582872468727757,,,,,,
5,Above 5 Years,503,31.546940742,31.35968344,3,0,0,0.18725730200000001,0,0.054458925,0.079194055,0,0.053604321999999996,0,0,0,0.18725730200000001,0.0059358307840828165,0.053604321999999996,0.0016991924015197428,,,,,,
,Total,325658,1561.4539447178024,1559.324576305802,349,0,0,2.1293684120000003,0.9163534630000001,0.5679503260000001,0.329585102,0.09891858199999999,0.079798314,0.079858291,0.03112754,0.025776794,2.1293684120000003,0.0013637087531165291,0.315479521,0.00020204215568907848,,,,,,
JLG Loans are more in Number and 99% of the JLG Loans have 2 years Loan tenor; as such 2 Years tenor loans have high PAR %,,,,,,0,0,,,,,,,,,,,,,,,,,,,
,,,,,,,,,,,,,,,,,,,,,,,,,,
Ticket Size wise break-up,,,,,,,,,,,,,,,,,,,,,,,,,,
,,,,,,,,,,,,,,,,,,,,,,,,,,
SN,Ticket Size,Number of ActiveLoans,"Principal Outstanding of Active Loans
(In Crs)",Standard Portfolio with 0 DPD,No of loans in arrears,No of loans written off,"Write offs in the quarter 
(In Crs)","Total PAR 
(In Crs)",1-30 DPD Loans Outstanding ,31-60 DPD Loans Oustatnding,61-90 DPD Loans Oustatnding,91 to 120 DPD Loans Oustatnding,121-150 DPD Loans Outstanding,151-180 DPD Loans Outstanding,181-365 DPD Loans Outstanding,>365 DPD Loans Ousttanding,PAR >0 days,% of  PAR >0 days,PAR >90days,% of PAR >90 days,,,,,,
1,<50000,151628,263.7731583049,263.6274323059,57,0,0,0.145725999,0.082708351,0.024356266,0.025580282,0.007674996000000001,0,0,0.001936645,0.003469459,0.145725999,0.0005524671271955305,0.0130811,4.959223328129289e-05,,,,,,
2,50000 - 100000,143355,674.936622651903,674.395643672903,147,0,0,0.5409789789999999,0.257520472,0.12572171799999998,0.07167513,0.009802198,0.008906066,0.04504606,0,0.022307335,0.5409789789999999,0.0008015255963951575,0.086061659,0.00012751072635806,,,,,,
3,100000-150000,14110,144.32289404000002,143.86515508300002,74,0,0,0.45773895700000006,0.203608398,0.133833924,0.079764731,0.025238971,0.007362808,0,0.007930125,0,0.45773895700000006,0.003171630946321896,0.040531903999999994,0.000280841818407316,,,,,,
4,150000-200000,7394,115.025393954,114.622472702,49,0,0,0.402921252,0.187097334,0.086379826,0.042055787,0.056202417000000005,0.009925118,0,0.021260770000000002,0,0.402921252,0.0035028895633353184,0.087388305,0.0007597305429351332,,,,,,
5,200000-300000,3836,87.028520293,86.90851276,12,0,0,0.120007533,0.065484187,0.023208229,0.031315116999999996,0,0,0,0,0,0.120007533,0.0013789448860668796,0,0,,,,,,
6,300000-400000,2120,70.45705357899999,70.39148084699998,2,0,0,0.065572732,0,0.030760501000000003,0,0,0,0.034812231,0,0,0.065572732,0.0009306766131864506,0.034812231,0.0004940914959063222,,,,,,
7,400000-500000,1116,48.869729649,48.76147858,3,0,0,0.108251069,0.073731358,0.034519711,0,0,0,0,0,0,0.108251069,0.002215094492592821,0,0,,,,,,
8,500000-600000,911,49.136089825999996,48.981570915,3,0,0,0.15451891099999998,0.046203363,0.054711226,0,0,0.053604321999999996,0,0,0,0.15451891099999998,0.0031447132148117625,0.053604321999999996,0.0010909358516280566,,,,,,
9,600000-700000,433,28.766994355,28.766994355,0,0,0,0,0,0,0,0,0,0,0,0,0,0,0,0,,,,,,
10,700000-800000,248,18.710384937,18.710384937,0,0,0,0,0,0,0,0,0,0,0,0,0,0,0,0,,,,,,
11,800000-900000,169,14.82817524,14.69452226,2,0,0,0.13365298,0,0.054458925,0.079194055,0,0,0,0,0,0.13365298,0.009013447564300569,0,0,,,,,,
12,900000-1000000,108,10.373036936,10.373036936,0,0,0,0,0,0,0,0,0,0,0,0,0,0,0,0,,,,,,
13,> 1000000,230,35.225890952,35.225890952,0,0,0,0,0,0,0,0,0,0,0,0,0,0,0,0,,,,,,
,Total,325658,1561.4539447178033,1559.324576305803,349,0,0,2.129368412,0.9163534629999999,0.5679503260000001,0.329585102,0.098918582,0.079798314,0.079858291,0.031127540000000002,0.025776794000000002,2.129368412,0.001363708753116528,0.31547952100000004,0.0002020421556890784,,,,,,
JLG Loans are more compared to other Loan products  and JLG Ticket Size is Rs.50K plus and hencehigher PAR is in this bracket,,0,0,0,0,0,0,0,0,0,0,0,0,0,0,0,0,0,0,0,,,,,,
,,,,,,,,,,,,,,,,,,,,,,,,,,
IRR (omitting processing fee) Break-up,,,,,,,,,,,,,,,,,,,,,,,,,,
,,,,,,,,,,,,,,,,,,,,,,,,,,
SN,"IRR, omitting processing fee",Number of ActiveLoans,"Principal Outstanding of Active Loans
(In Crs)",Standard Portfolio with 0 DPD,No of loans in arrears,No of loans written off,"Write offs in the quarter 
(In Crs)","Total PAR 
(In Crs)",1-30 DPD Loans Outstanding ,31-60 DPD Loans Oustatnding,61-90 DPD Loans Oustatnding,91 to 120 DPD Loans Oustatnding,121-150 DPD Loans Outstanding,151-180 DPD Loans Outstanding,181-365 DPD Loans Outstanding,>365 DPD Loans Ousttanding,PAR >0 days,% of  PAR >0 days,PAR >90days,% of PAR >90 days,,,,,,
1,<10,3821,101.2500631,101.2500631,0,0,0,0,0,0,0,0,0,0,0,0,0,0,0,0,,,,,,
2,10-12,9668,51.2466025609,51.2466025609,0,0,0,0,0,0,0,0,0,0,0,0,0,0,0,0,,,,,,
3,12-15,12,0.3955933,0.3955933,0,0,0,0,0,0,0,0,0,0,0,0,0,0,0,0,,,,,,
4,15-18,9033,30.276572261000002,30.276572261000002,0,0,0,0,0,0,0,0,0,0,0,0,0,0,0,0,,,,,,
5,18-20,43025,259.396887974,259.396887974,0,0,0,0,0,0,0,0,0,0,0,0,0,0,0,0,,,,,,
6,20-22,36060,131.931000685,131.887748824,16,0,0,0.043251861,0.000303,0.002439,0.000632208,0.0012,0,0.003034089,0.00986677,0.025776794,0.043251861,0.00032783698126620487,0.039877653,0.0003022614305428665,,,,,,
7,22-24,33817,183.338212459,182.97473300000001,12,0,0,0.36347945899999995,0.053665164,0.177015918,0.079194055,0,0.053604321999999996,0,0,0,0.36347945899999995,0.001982562468155868,0.053604321999999996,0.00029237942969465545,,,,,,
8,24-26,170743,710.006418446903,709.371644483903,157,0,0,0.634773963,0.341838486,0.13818097,0.078448473,0.009904711,0,0.066401323,0,0,0.634773963,0.0008940397530328394,0.076306034,0.00010747231576710943,,,,,,
9,>26,19479,93.61259393099999,92.524730802,164,0,0,1.087863129,0.5205468129999999,0.250314438,0.171310366,0.087813871,0.026193992000000003,0.010422879,0.021260770000000002,0,1.087863129,0.01162090572772551,0.145691512,0.001556323843642089,,,,,,
,Total,325658,1561.453944717803,1559.324576305803,349,0,0,2.129368412,0.9163534629999999,0.567950326,0.329585102,0.098918582,0.079798314,0.079858291,0.031127540000000002,0.025776794,2.129368412,0.0013637087531165283,0.31547952100000004,0.00020204215568907842,,,,,,
JLG Loans are more in number and they have 26% yield as such 26% yield loans have higher PAR,,0,0,0,0,0,0,0,0,0,0,0,0,0,0,0,0,0,0,0,,,,,,
Loan utilisation category-wise break-up,,,,,,,,,,,,,,,,,,,,,,,,,,
,,,,,,,,,,,,,,,,,,,,,,,,,,
SN,Category,Number of ActiveLoans,"Principal Outstanding of Active Loans
(In Crs)",Standard Portfolio with 0 DPD,No of loans in arrears,No of loans written off,"Write offs in the quarter 
(In Crs)","Total PAR 
(In Crs)",1-30 DPD Loans Outstanding ,31-60 DPD Loans Oustatnding,61-90 DPD Loans Oustatnding,91 to 120 DPD Loans Oustatnding,121-150 DPD Loans Outstanding,151-180 DPD Loans Outstanding,181-365 DPD Loans Outstanding,>365 DPD Loans Ousttanding,PAR >0 days,% of  PAR >0 days,PAR >90days,% of PAR >90 days,,,,,,
1,Agri & Allied,137080,592.5664789379,591.8487929279,149,0,0,0.71768601,0.340974167,0.17100744199999998,0.07986929,0.022660767999999998,0.070892248,0.022575325,0.00970677,0,0.71768601,0.0012111485133049727,0.125835111,0.0002123561076649888,,,,,,
2,Consumption,103003,563.8641875389,563.7093756948999,20,0,0,0.15481184399999998,0.020020422,0.069875548,0.005699597,0.009611617,0,0.034812231,0.00016,0.014632429,0.15481184399999998,0.0002745551986121122,0.059216277000000005,0.00010501868767098244,,,,,,
3,Manufacturing,32681,150.898845316,150.481836853,70,0,0,0.41700846300000005,0.210032195,0.109305104,0.050229888,0.030503279999999997,0.008906066,0.00803193,0,0,0.41700846300000005,0.002763496712825967,0.047441276,0.0003143912460075646,,,,,,
4,Home Assets,19380,123.707913681,123.14063890999999,51,0,0,0.567274771,0.203212113,0.17580954099999999,0.146939176,0.014286024,0,0.006174469,0.009709083,0.011144365,0.567274771,0.00458559807631067,0.041313941,0.00033396360645556106,,,,,,
5,Services,22251,81.644690114,81.50481997,35,0,0,0.13987014399999997,0.06521029399999999,0.031383294,0.031569596000000005,0.007691033999999999,0,0.004015926,0,0,0.13987014399999997,0.0017131566523762918,0.011706959999999999,0.00014338911671602452,,,,,,
6,Education,5126,23.064335435,23.064335435,0,0,0,0,0,0,0,0,0,0,0,0,0,0,0,0,,,,,,
7,Trading,5147,21.327333836,21.214820654,19,0,0,0.112513182,0.059479077000000005,0.0077905940000000005,0.015277554999999998,0.014165859,0,0.00424841,0.011551687,0,0.112513182,0.005275539027296538,0.029965956000000002,0.0014050493245160453,,,,,,
8,Business Assets,990,4.380159859,4.3599558609999995,5,0,0,0.020203998,0.017425195,0.002778803,0,0,0,0,0,0,0.020203998,0.0046126165825857825,0,0,,,,,,
,Total,325658,1561.4539447178001,1559.3245763057998,349,0,0,2.129368412,0.9163534630000001,0.5679503260000001,0.32958510199999996,0.09891858199999998,0.079798314,0.079858291,0.031127540000000002,0.025776794,2.1293684120000003,0.001363708753116531,0.31547952099999993,0.00020204215568907875,,,,,,
JLG Loans are given for Agri-allied; As such this categorty of Loans have higher PAR,,0,-2.9558577807620168e-12,-3.183231456205249e-12,0,0,0,0,0,0,0,0,0,0,0,0,0,2.8189256484623115e-18,0,3.2526065174565133e-19,,,,,,
Loan repayment Frequencywise break-up,,,,,,,,,,,,,,,,,,,,,,,,,,
,,,,,,,,,,,,,,,,,,,,,,,,,,
SN,Installment frequency,Number of ActiveLoans,"Principal Outstanding of Active Loans
(In Crs)",Standard Portfolio with 0 DPD,No of loans in arrears,No of loans written off,"Write offs in the quarter 
(In Crs)","Total PAR 
(In Crs)",1-30 DPD Loans Outstanding ,31-60 DPD Loans Oustatnding,61-90 DPD Loans Oustatnding,91 to 120 DPD Loans Oustatnding,121-150 DPD Loans Outstanding,151-180 DPD Loans Outstanding,181-365 DPD Loans Outstanding,>365 DPD Loans Ousttanding,PAR >0 days,% of  PAR >0 days,PAR >90days,% of PAR >90 days,,,,,,
1,Monthly,312664,1518.4117555178,1516.2823871058,349,0,0,2.1293684120000003,0.9163534630000001,0.567950326,0.329585102,0.09891858199999999,0.079798314,0.079858291,0.031127540000000002,0.025776794,2.1293684120000003,0.0014023655996221233,0.315479521,0.00020776941422744516,,,,,,
2,Bullet,12994,43.0421892,43.0421892,0,0,0,0,0,0,0,0,0,0,0,0,0,0,0,0,,,,,,
,Total,325658,1561.4539447178,1559.3245763057998,349,0,0,2.1293684120000003,0.9163534630000001,0.567950326,0.329585102,0.09891858199999999,0.079798314,0.079858291,0.031127540000000002,0.025776794,2.1293684120000003,0.0013637087531165313,0.315479521,0.0002020421556890788,,,,,,
Except Gold Loans (zero OD) all other Loans have monthly repayment frequency,,0,0,0,0,0,0,0,0,0,0,0,0,0,0,0,0,0,0,0,,,,,,
,,,,Rural/Urban,,,,,,,,,,,,,,,,,,,,,,
,,,,Geography Range,Number of Loans,"Total Principal Outstanding 
(In Crs)",Principal without overdues (In Crs),No of loans in arrears,No of loans written off,"Write offs in the quarter 
(In Crs)","Total PAR 
(In Crs)",1-30,31-60,61-90,91-120,121-150,151-180,181-365,>365,,,,,,,
,,,,Rural,,,,,0,0,,,,,,,,,,,,,,,,
,,,,Urban,,,,,0,0,,,,,,,,,,,,,,,,
,,,,Total,,,,,0,0,,,,,,,,,,,,,,,,
Loan productwise break-up,,,,,,,,,,,,,,,,,,,,,,,,,,
,,,,,,,,,,,,,,,,,,,,,,,,,,
SN,Loan product,Number of ActiveLoans,"Principal Outstanding of Active Loans
(In Crs)",Standard Portfolio with 0 DPD,No of loans in arrears,No of loans written off,"Write offs in the quarter 
(In Crs)","Total PAR 
(In Crs)",1-30 DPD Loans Outstanding ,31-60 DPD Loans Oustatnding,61-90 DPD Loans Oustatnding,91 to 120 DPD Loans Oustatnding,121-150 DPD Loans Outstanding,151-180 DPD Loans Outstanding,181-365 DPD Loans Outstanding,>365 DPD Loans Ousttanding,PAR >0 days,% of  PAR >0 days,PAR >90days,% of PAR >90 days,,,,,,
1,Gold Loans,75977,686.5555628759,686.5555628759,0,0,0,0,0,0,0,0,0,0,0,0,0,0,0,0,,,,,,
2,Group Loans,166821,653.527493041924,652.974721602924,168,0,0,0.552771439,0.252932777,0.140746525,0.079080681,0.009904711,0,0.034623181,0.00970677,0.025776794,0.552771439,0.0008458273674563521,0.08001145600000001,0.0001224301301045146,,,,,,
3,PL-UnSecured ,65243,69.013537958,69.013537958,0,0,0,0,0,0,0,0,0,0,0,0,0,0,0,0,,,,,,
4,MSME - Business Loans,11126,65.7601126309999,64.6722495019999,164,0,0,1.087863129,0.5205468129999999,0.250314438,0.171310366,0.087813871,0.026193992000000003,0.010422879,0.021260770000000002,0,1.087863129,0.016542902459798583,0.145691512,0.0022154997333645034,,,,,,
5,MSME - Home Loans,997,41.3603337010001,41.0794559460001,6,0,0,0.280877755,0.081692262,0.11999143799999999,0.079194055,0,0,0,0,0,0.280877755,0.006790993443875631,0,0,,,,,,
6,MSME - LAP Loans,835,38.579508724,38.375754635,5,0,0,0.203754089,0.060878611,0.054458925,0,0,0.053604321999999996,0.034812231,0,0,0.203754089,0.005281407040656436,0.088416553,0.002291800904789562,,,,,,
7,Corporate Loans,3,3.798845014,3.798845014,0,0,0,0,0,0,0,0,0,0,0,0,0,0,0,0,,,,,,
8,Consumer Loans,4656,2.858550772,2.854448772,6,0,0,0.004102000000000001,0.000303,0.002439,0,0.0012,0,0,0.00016,0,0.004102000000000001,0.0014349928782723754,0.0013599999999999999,0.0004757655569113676,,,,,,
,Total,325658,1561.453944717824,1559.324576305824,349,0,0,2.129368412,0.9163534630000001,0.567950326,0.32958510199999996,0.098918582,0.079798314,0.079858291,0.031127540000000002,0.025776794,2.1293684120000003,0.0013637087531165103,0.31547952100000004,0.00020204215568907571,,,,,,
JLG Loans are more in number as such these loans have higher PAR ,,0,-2.4101609596982598e-11,-2.4101609596982598e-11,0,0,0,0,0,0,0,0,0,0,0,0,0,2.1033522146218786e-17,0,3.0899761915836876e-18,,,,,,
Loan Cyclewise Break-up,,,,,,,,,,,,,,,,,,,,,,,,,,
,,,,,,,,,,,,,,,,,,,,,,,,,,
SN,Loan cycle,Number of ActiveLoans,"Principal Outstanding of Active Loans
(In Crs)",Standard Portfolio with 0 DPD,No of loans in arrears,No of loans written off,"Write offs in the quarter 
(In Crs)","Total PAR 
(In Crs)",1-30 DPD Loans Outstanding ,31-60 DPD Loans Oustatnding,61-90 DPD Loans Oustatnding,91 to 120 DPD Loans Oustatnding,121-150 DPD Loans Outstanding,151-180 DPD Loans Outstanding,181-365 DPD Loans Outstanding,>365 DPD Loans Ousttanding,PAR >0 days,% of  PAR >0 days,PAR >90days,% of PAR >90 days,,,,,,
1,1,206129,958.8391328339001,956.7530162829,333,0,0,2.086116551,0.916050463,0.565511326,0.328952894,0.097718582,0.079798314,0.07682420200000001,0.021260770000000002,0,2.086116551,0.0021756689725776746,0.27560186799999997,0.0002874328535021761,,,,,,
2,2,23944,99.07123706,99.065358415,7,0,0,0.005878645,0.000303,0.002439,0,0.0012,0,0,0.001936645,0,0.005878645,5.9337555222407754e-05,0.003136645,3.166050099990545e-05,,,,,,
3,3,14266,70.550318502,70.549686294,1,0,0,0.000632208,0,0,0.000632208,0,0,0,0,0,0.000632208,8.961093492187109e-06,0,0,,,,,,
4,4,11479,56.311644769000004,56.305775041000004,2,0,0,0.005869727999999999,0,0,0,0,0,0.003034089,0,0.002835639,0.005869727999999999,0.00010423648650432121,0.005869727999999999,0.00010423648650432121,,,,,,
5,5,9556,45.836751564,45.805880284,6,0,0,0.030871279999999997,0,0,0,0,0,0,0.007930125,0.022941154999999998,0.030871279999999997,0.0006735049702834129,0.030871279999999997,0.0006735049702834129,,,,,,
6,>5,60284,330.8448599889,330.8448599889,0,0,0,0,0,0,0,0,0,0,0,0,0,0,0,0,,,,,,
,Total,325658,1561.4539447178,1559.3245763058,349,0,0,2.129368412,0.9163534630000001,0.567950326,0.329585102,0.098918582,0.079798314,0.07985829100000001,0.031127540000000002,0.025776794,2.1293684120000003,0.0013637087531165313,0.31547952100000004,0.00020204215568907883,,,,,,
About 80% of the Loans are in first cycle; as such first cycle loans have higher PAR,,0,-2.4101609596982598e-11,-2.3874235921539366e-11,0,0,0,0,0,0,0,0,0,0,0,0,0,2.1033522146218786e-17,0,3.1170812458958252e-18,,,,,,
,,,,,,,,,,,,,,,,,,,,,,,,,,
On / Off Balance sheet break-up,,,,,,,,,,,,,,,,,,,,,,,,,,
,,,,,,,,,,,,,,,,,,,,,,,,,,
SN,On / Off Balance sheet,Number of ActiveLoans,"Principal Outstanding of Active Loans
(In Crs)",Standard Portfolio with 0 DPD,No of loans in arrears,No of loans written off,"Write offs in the quarter 
(In Crs)","Total PAR 
(In Crs)",1-30 DPD Loans Outstanding ,31-60 DPD Loans Oustatnding,61-90 DPD Loans Oustatnding,91 to 120 DPD Loans Oustatnding,121-150 DPD Loans Outstanding,151-180 DPD Loans Outstanding,181-365 DPD Loans Outstanding,>365 DPD Loans Ousttanding,PAR >0 days,% of  PAR >0 days,PAR >90days,% of PAR >90 days,,,,,,
1,On Balance Sheet,325658,1561.4539447178,1559.3245763058,349,0,0,2.1293684120000003,0.9163534630000001,0.567950326,0.329585102,0.098918582,0.079798314,0.07985829100000001,0.031127540000000002,0.025776794,2.1293684120000003,0.0013637087531165313,0.31547952100000004,0.00020204215568907883,,,,,,
2,Off Balance Sheet - Securitised,0,0,0,0,0,0,0,0,0,0,0,0,0,0,0,0,0,0,0,,,,,,
3,Off Balance Sheet - BC,0,0,0,0,0,0,0,0,0,0,0,0,0,0,0,0,0,0,0,,,,,,
4,Off Balancesheet - Colending,0,0,0,0,0,0,0,0,0,0,0,0,0,0,0,0,0,0,0,,,,,,
,Total,325658,1561.4539447178,1559.3245763058,349,0,0,2.1293684120000003,0.9163534630000001,0.567950326,0.329585102,0.098918582,0.079798314,0.07985829100000001,0.031127540000000002,0.025776794,2.1293684120000003,0.0013637087531165313,0.31547952100000004,0.00020204215568907883,,,,,,
,,0,0,0,0,0,0,0,0,0,0,0,0,0,0,0,0,0,0,0,,,,,,
Basis LTV (loan to value) - Only Gold Loans,,,,,,,,,,,,,,,,,,,,,,,,,,
SN,LTV,Number of ActiveLoans,"Principal Outstanding of Active Loans
(In Crs)",Standard Portfolio with 0 DPD,No of loans in arrears,No of loans written off,"Write offs in the quarter 
(In Crs)","Total PAR 
(In Crs)",1-30 DPD Loans Outstanding ,31-60 DPD Loans Oustatnding,61-90 DPD Loans Oustatnding,91 to 120 DPD Loans Oustatnding,121-150 DPD Loans Outstanding,151-180 DPD Loans Outstanding,181-365 DPD Loans Outstanding,>365 DPD Loans Ousttanding,PAR >0 days,% of  PAR >0 days,PAR >90days,% of PAR >90 days,,,,,,
1,<50,1081,2.7948842,2.7948842,0,0,0,0,0,0,0,0,0,0,0,0,0,0,0,0,,,,,,
2,50-60,1142,3.7542090608999996,3.7542090608999996,0,0,0,0,0,0,0,0,0,0,0,0,0,0,0,0,,,,,,
3,60-70,4796,93.360348925,92.87571708099999,11,0,0,0.4846318439999999,0.142570873,0.174450363,0.079194055,0,0.053604321999999996,0.034812231,0,0,0.4846318439999999,0.005190981498894392,0.088416553,0.0009470460856035195,,,,,,
4,70-75,70790,666.5859631149999,666.5859631149999,0,0,0,0,0,0,0,0,0,0,0,0,0,0,0,0,,,,,,
5,75-80,0,0,0,0,0,0,0,0,0,0,0,0,0,0,0,0,0,0,0,,,,,,
6,80-85,0,0,0,0,0,0,0,0,0,0,0,0,0,0,0,0,0,0,0,,,,,,
7,Non Gold,247849,794.958539416902,793.313802848902,338,0,0,1.6447365680000001,0.77378259,0.393499963,0.25039104700000003,0.09891858199999999,0.026193992000000003,0.04504606,0.031127540000000002,0.025776794,1.6447365680000001,0.0020689589286082845,0.227062968,0.0002856286922416728,,,,,,
,Total,325658,1561.4539447178017,1559.3245763058019,349,0,0,2.129368412,0.9163534630000001,0.5679503260000001,0.329585102,0.09891858199999999,0.079798314,0.079858291,0.031127540000000002,0.025776794,2.1293684120000003,0.0013637087531165298,0.315479521,0.00020204215568907856,,,,,,
,,0,-1.8189894035458565e-12,-1.8189894035458565e-12,0,0,0,0,0,0,0,0,0,0,0,0,0,0,0,2.710505431213761e-19,,,,,,
