Keertana Finserv Private Limited ,Unnamed: 1,Unnamed: 2,Unnamed: 3,Unnamed: 4,Unnamed: 5,Unnamed: 6,Unnamed: 7,Unnamed: 8,Unnamed: 9,Unnamed: 10,Unnamed: 11,Unnamed: 12,Unnamed: 13,Unnamed: 14,Unnamed: 15,Unnamed: 16,Unnamed: 17,Unnamed: 18,Unnamed: 19,Unnamed: 20
Portfolio Cuts as on 29th Feb 2024,,,,,,,,,,,,,,,,,,,,
,,,,,,,,,,,,,,,,,,,,
Branchwise,,,,,,,,,,,,,,,,,,,,
SN,Branch Code,Branch Name,District,State,Branch Classification,Number of Loans,"Total Principal Outstanding 
(In Crs)",Principal without overdues (In Crs),No of loans in arrears,No of loans written off,"Write offs in the quarter 
(In Crs)","Total PAR 
(In Crs)",1-30,31-60,61-90,91-120,121-150,151-180,181-365,>365
1,SRJLG0012,KD Peta,Visakhapatnam,Andhra Pradesh,Rural,1898,5.91921707399999,5.91921707399999,0,0,0,0,0,0,0,0,0,0,0,0
2,APKL0033,Addanki_KL,Bapatla,Andhra Pradesh,Urban,1487,7.0240864,7.0240864,0,0,0,0,0,0,0,0,0,0,0,0
3,APJLG0244,Amaravathi_JLG,Palnadu,Andhra Pradesh,Urban,2539,10.64178841,10.64178841,0,0,0,0,0,0,0,0,0,0,0,0
4,APJLG0288,Anandapuram_JLG,Visakhapatnam,Andhra Pradesh,Rural,198,1.003729256,1.003729256,0,0,0,0,0,0,0,0,0,0,0,0
5,APKL0019,Anantapur_KL,Anantapur,Andhra Pradesh,Urban,968,7.1194653,7.1194653,0,0,0,0,0,0,0,0,0,0,0,0
6,APKL0050,Annavaram_KL,Kakinada,Andhra Pradesh,Rural,572,2.2863689,2.2863689,0,0,0,0,0,0,0,0,0,0,0,0
7,APMP0095,Annavaram_LH,Kakinada,Andhra Pradesh,Rural,507,8.922256597,8.867683267,1,0,0,0.05457333,0.05457333,0,0,0,0,0,0,0
8,APJLG0271,Atchutapuram_JLG,Anakapalle,Andhra Pradesh,Rural,748,3.59341024499999,3.59341024499999,0,0,0,0,0,0,0,0,0,0,0,0
9,APKL0059,Atmakur_KL,Nandyal,Andhra Pradesh,Rural,1145,5.1278631,5.1278631,0,0,0,0,0,0,0,0,0,0,0,0
10,APJLG0198,Attili_JLG,West Godavari,Andhra Pradesh,Rural,1666,6.47622172599999,6.47622172599999,0,0,0,0,0,0,0,0,0,0,0,0
11,APJLG0225,Bapatla_JLG,Bapatla,Andhra Pradesh,Urban,3362,10.895388041,10.868310728,8,0,0,0.027077313,0.020831684,0.006245629,0,0,0,0,0,0
12,APMP0158,Bapatla_LH,Bapatla,Andhra Pradesh,Urban,396,4.600661521,4.547057199,1,0,0,0.053604321999999996,0,0,0,0.053604321999999996,0,0,0,0
13,APKL0006,Chittoor_KL,Chittoor,Andhra Pradesh,Urban,1306,6.7873448,6.7873448,0,0,0,0,0,0,0,0,0,0,0,0
14,APJLG0330,Dwarapudi_JLG,East Godavari,Andhra Pradesh,Rural,1146,4.329203088,4.329203088,0,0,0,0,0,0,0,0,0,0,0,0
15,APKL0167,Gorantla_KL ,Sri Sathya Sai,Andhra Pradesh,Rural,1326,8.328808,8.328808,0,0,0,0,0,0,0,0,0,0,0,0
16,TSJLG0223,Huzurnagar_JLG,Suryapet,Telangana,rural,1971,6.83846467699997,6.82905283199997,3,0,0,0.009411845,0.006015217,0.003396628,0,0,0,0,0,0
17,APJLG0235,Ibrahimpatnam_JLG,NTR,Andhra Pradesh,Rural,2875,11.852709648000001,11.840066891000001,3,0,0,0.012642757,0.00843389,0.004208867,0,0,0,0,0,0
18,APKL0088,Jammalamadugu_KL,Kadapa,Andhra Pradesh,Rural,989,6.3155688,6.3155688,0,0,0,0,0,0,0,0,0,0,0,0
19,APJLG0261,Kadiam_JLG,East Godavari,Andhra Pradesh,Rural,4198,11.164589971,11.16275335,1,0,0,0.0018366209999999999,0.0018366209999999999,0,0,0,0,0,0,0
20,APKL0057,Kalyanadurgam_KL,Anantapur,Andhra Pradesh,Rural,1113,6.8173059,6.8173059,0,0,0,0,0,0,0,0,0,0,0,0
21,APKL0065,Kandukur_KL,Nellore,Andhra Pradesh,Rural,914,5.0693738,5.0693738,0,0,0,0,0,0,0,0,0,0,0,0
22,APKL0074,Kanigiri_KL,Prakasam,Andhra Pradesh,Rural,808,4.6636205,4.6636205,0,0,0,0,0,0,0,0,0,0,0,0
23,APKL0124,Kavali_KL,Nellore,Andhra Pradesh,Rural,750,4.2466724,4.2466724,0,0,0,0,0,0,0,0,0,0,0,0
24,APJLG0184,Kesarapalli_JLG,Krishna,Andhra Pradesh,Rural,2499,8.79725094500003,8.79363591900003,1,0,0,0.0036150260000000004,0,0.0036150260000000004,0,0,0,0,0,0
25,APKL0040,Kolluru_KL,Bapatla,Andhra Pradesh,Rural,1281,4.4694711,4.4694711,0,0,0,0,0,0,0,0,0,0,0,0
26,APJLG0274,Kothavalasa_JLG,Vizianagaram,Andhra Pradesh,Rural,376,1.9270880629999998,1.9270880629999998,0,0,0,0,0,0,0,0,0,0,0,0
27,APKL0107,Kotturu_KL,Srikakulam,Andhra Pradesh,Rural,1130,5.7826305,5.7826305,0,0,0,0,0,0,0,0,0,0,0,0
28,APKL0137,Kovur_KL,Nellore,Andhra Pradesh,Rural,665,3.3417247,3.3417247,0,0,0,0,0,0,0,0,0,0,0,0
29,APKL0109,Krishnalanka_KL,Krishna,Andhra Pradesh,Rural,676,3.7225411,3.7225411,0,0,0,0,0,0,0,0,0,0,0,0
30,TSJLG0246,Mudigonda_JLG,Khammam,Telangana,Rural,2587,11.2212687669999,11.2212687669999,0,0,0,0,0,0,0,0,0,0,0,0
31,APKL0079,Achampet_KL,Palnadu,Andhra Pradesh,Rural,695,2.0132422,2.0132422,0,0,0,0,0,0,0,0,0,0,0,0
32,APKL0110,Ajit Singh Nagar_KL,Krishna,Andhra Pradesh,Urban,626,3.9452525,3.9452525,0,0,0,0,0,0,0,0,0,0,0,0
33,APKL0061,Allagadda_KL,Nandyal,Andhra Pradesh,Rural,1173,6.9127047,6.9127047,0,0,0,0,0,0,0,0,0,0,0,0
34,APKL0051,Amalapuram_KL,Dr. B.R. Ambedkar Konaseema,Andhra Pradesh,Rural,706,3.2247873,3.2247873,0,0,0,0,0,0,0,0,0,0,0,0
35,TSJLG0282,Aswaraopeta_JLG,Bhadradri Kothagudem,Telangana,Rural,1795,8.690846705,8.690846705,0,0,0,0,0,0,0,0,0,0,0,0
36,APKL0082,B Kothakota_KL,Annamayya,Andhra Pradesh,Rural,888,3.8145165,3.8145165,0,0,0,0,0,0,0,0,0,0,0,0
37,APJLG0183,Challapalli_JLG,Krishna,Andhra Pradesh,rural,3040,10.643725083,10.59806424,15,0,0,0.045660843,0.028821025,0.013017406,0,0,0.0038224120000000003,0,0,0
38,APKL0043,Challapalli_KL,Krishna,Andhra Pradesh,Rural,1158,4.5069632,4.5069632,0,0,0,0,0,0,0,0,0,0,0,0
39,APJLG0227,Chilakaluripet_JLG,Palnadu,Andhra Pradesh,rural,2951,9.437477480000021,9.422087232000022,5,0,0,0.015390248,0.003198647,0.012191601,0,0,0,0,0,0
40,APMP0160,Chilakaluripet_LH,Palnadu,Andhra Pradesh,Urban,314,3.146767669,3.141665589,1,0,0,0.00510208,0,0.00510208,0,0,0,0,0,0
41,APKL0155,Chirala_KL,Bapatla,Andhra Pradesh,Rural,917,4.56157,4.56157,0,0,0,0,0,0,0,0,0,0,0,0
42,APMP0127,Chittoor_LH,Chittoor,Andhra Pradesh,Urban,531,4.712830971,4.5505078999999995,21,0,0,0.16232307099999999,0.09987431,0.02575495,0.031901931,0.00479188,0,0,0,0
43,APKL0071,Cumbum_KL,Prakasam,Andhra Pradesh,Rural,709,3.4790452,3.4790452,0,0,0,0,0,0,0,0,0,0,0,0
44,APKL0216,Giddalur_KL,Prakasam,Andhra Pradesh,Rural,684,4.3615539,4.3615539,0,0,0,0,0,0,0,0,0,0,0,0
45,SRJLG0002,Gokavaram_JLG,East Godavari,Andhra Pradesh,Rural,4600,14.360518199000001,14.322396036,17,0,0,0.038122163,0.001998242,0,0.00027626999999999996,0,0,0,0.013303089,0.022544562
46,APMP0143,Gokavaram_LH,East Godavari,Andhra Pradesh,Rural,539,6.932465557,6.932465557,0,0,0,0,0,0,0,0,0,0,0,0
47,APKL0022,Gopalapuram_KL,East Godavari,Andhra Pradesh,Rural,1137,4.0594971,4.0594971,0,0,0,0,0,0,0,0,0,0,0,0
48,APMP0277,Gudivada_LH,Krishna,Andhra Pradesh,Urban,191,1.954372507,1.954372507,0,0,0,0,0,0,0,0,0,0,0,0
49,APMP0260,Guntakal_LH,Anantapur,Andhra Pradesh,Rural,289,2.88532605,2.88532605,0,0,0,0,0,0,0,0,0,0,0,0
50,TSKL0076,Hydershah kote(Sun City)_KL,Hyderabad,Telangana,Urban,706,6.1599498,6.1599498,0,0,0,0,0,0,0,0,0,0,0,0
51,APKL0168,Kadapa-2_KL,Kadapa,Andhra Pradesh,Urban,771,5.0730135,5.0730135,0,0,0,0,0,0,0,0,0,0,0,0
52,APKL0020,Kadapa_KL,Kadapa,Andhra Pradesh,Urban,1176,8.1796099,8.1796099,0,0,0,0,0,0,0,0,0,0,0,0
53,APKL0041,Kadiri_KL,Sri Sathya Sai,Andhra Pradesh,Rural,895,5.1229864,5.1229864,0,0,0,0,0,0,0,0,0,0,0,0
54,APKL0115,Kakinada_KL,Kakinada,Andhra Pradesh,Urban,394,2.778113,2.778113,0,0,0,0,0,0,0,0,0,0,0,0
55,APKL0018,Kalikiri_KL,Annamayya,Andhra Pradesh,Rural,351,1.1226386,1.1226386,0,0,0,0,0,0,0,0,0,0,0,0
56,TSJLG0224,Kallur_JLG,Khammam,Telangana,Rural,2060,7.73117969800003,7.73117969800003,0,0,0,0,0,0,0,0,0,0,0,0
57,APMP0231,Kandukur_LH,Nellore,Andhra Pradesh,Rural,230,2.179958768,2.179958768,0,0,0,0,0,0,0,0,0,0,0,0
58,APJLG0265,Karapa_JLG,Kakinada,Andhra Pradesh,Rural,1644,7.055870943999989,7.055870943999989,0,0,0,0,0,0,0,0,0,0,0,0
59,APMP0258,Addanki_LH,Bapatla,Andhra Pradesh,Rural,6,0.32739447,0.32739447,0,0,0,0,0,0,0,0,0,0,0,0
60,APJLG0275,Addaroad_JLG,Anakapalle,Andhra Pradesh,Rural,527,2.5842891,2.5842891,0,0,0,0,0,0,0,0,0,0,0,0
61,APMP0141,Amalapuram_LH,Dr. B.R. Ambedkar Konaseema,Andhra Pradesh,Rural,339,4.005909199,3.9768705580000003,3,0,0,0.029038641000000004,0,0,0.017486954000000002,0,0,0,0.011551687,0
62,APKL0056,Anantapur-2_KL,Anantapur,Andhra Pradesh,Urban,741,4.5068368,4.5068368,0,0,0,0,0,0,0,0,0,0,0,0
63,APKL0002,Badvel_KL,Kadapa,Andhra Pradesh,Rural,780,4.3382823,4.3382823,0,0,0,0,0,0,0,0,0,0,0,0
64,APJLG0287,Bapulapadu_JLG,Krishna,Andhra Pradesh,Rural,2462,10.6164874719999,10.5984048519999,5,0,0,0.01808262,0.01808262,0,0,0,0,0,0,0
65,APKL0013,Bhimadole_KL,Eluru,Andhra Pradesh,Rural,1149,5.40727,5.40727,0,0,0,0,0,0,0,0,0,0,0,0
66,APKL0003,Bhimavaram_KL,West Godavari,Andhra Pradesh,Rural,1040,6.2585493,6.2585493,0,0,0,0,0,0,0,0,0,0,0,0
67,ORJLG0333,Buguda_JLG,Ganjam,Orissa,Rural,259,1.369592,1.369592,0,0,0,0,0,0,0,0,0,0,0,0
68,APKL0106,Chagallu_KL,East Godavari,Andhra Pradesh,Rural,795,2.7426782,2.7426782,0,0,0,0,0,0,0,0,0,0,0,0
69,APJLG0306,Chandole_JLG,Bapatla,Andhra Pradesh,Rural,970,3.15450181900001,3.1489540280000097,2,0,0,0.005547791,0.002448172,0.003099619,0,0,0,0,0,0
70,APJLG0305,Chebrolu_JLG,Guntur,Andhra Pradesh,Rural,1604,5.998693317,5.998693317,0,0,0,0,0,0,0,0,0,0,0,0
71,APKL0028,Cherukupalli_KL,Bapatla,Andhra Pradesh,Rural,2069,7.3652675,7.3652675,0,0,0,0,0,0,0,0,0,0,0,0
72,APKL0004,Chimakurthi_KL,Prakasam,Andhra Pradesh,Rural,1134,4.484238958,4.484238958,0,0,0,0,0,0,0,0,0,0,0,0
73,APJLG0281,Cumbum_JLG,Prakasam,Andhra Pradesh,Rural,1157,5.56017277399999,5.56017277399999,0,0,0,0,0,0,0,0,0,0,0,0
74,APKL0016,Dharmavaram_KL,Sri Sathya Sai,Andhra Pradesh,Rural,963,6.1901099,6.1901099,0,0,0,0,0,0,0,0,0,0,0,0
75,APKL0060,Dhone_KL,Nandyal,Andhra Pradesh,Rural,477,3.0852475,3.0852475,0,0,0,0,0,0,0,0,0,0,0,0
76,ORJLG0296,Digapahandi_JLG,Ganjam,Orissa,Rural,1062,5.28488193699999,5.28488193699999,0,0,0,0,0,0,0,0,0,0,0,0
77,APJLG0285,Dwaraka Tirumala_JLG,Eluru,Andhra Pradesh,Rural,1331,6.04455768500001,6.04455768500001,0,0,0,0,0,0,0,0,0,0,0,0
78,APKL0156,Gokavaram_KL,East Godavari,Andhra Pradesh,Rural,463,1.541247,1.541247,0,0,0,0,0,0,0,0,0,0,0,0
79,APKL0172,Gooty_KL,Anantapur,Andhra Pradesh,Rural,877,6.6596378,6.6596378,0,0,0,0,0,0,0,0,0,0,0,0
80,APKL0104,Gudivada_KL,Krishna,Andhra Pradesh,Rural,648,3.5273193,3.5273193,0,0,0,0,0,0,0,0,0,0,0,0
81,APKL0001,Gunadala_KL,Krishna,Andhra Pradesh,Urban,673,3.3189399,3.3189399,0,0,0,0,0,0,0,0,0,0,0,0
82,APKL0179,Guntakal_KL,Anantapur,Andhra Pradesh,Rural,2043,13.7513746,13.7513746,0,0,0,0,0,0,0,0,0,0,0,0
83,APKL0238,Hindupur_2,Sri Sathya Sai,Andhra Pradesh,Urban,1138,6.5472911,6.5472911,0,0,0,0,0,0,0,0,0,0,0,0
84,APMP0129,Hindupur_LH,Sri Sathya Sai,Andhra Pradesh,Rural,577,4.002083921000009,3.9320856590000095,10,0,0,0.06999826199999999,0.025018827,0.026387597999999998,0.007531878,0.011059959,0,0,0,0
85,ORJLG0336,Jagannath Prasad_JLG,Ganjam,Orissa,Rural,292,1.528292,1.528292,0,0,0,0,0,0,0,0,0,0,0,0
86,APJLG0203,Jaggaiahpet_JLG,NTR,Andhra Pradesh,Rural,3145,13.485321474000001,13.485321474000001,0,0,0,0,0,0,0,0,0,0,0,0
87,APMP0098,Kadiyam_LH(Rajahmundry),East Godavari,Andhra Pradesh,Urban,442,4.399269311,4.336020883000001,6,0,0,0.06324842800000001,0.039852138,0.005138914,0.0039789330000000005,0.00456936,0,0,0.009709083,0
88,APKL0025,Kothapeta_KL,Guntur,Andhra Pradesh,Urban,1298,5.897801735,5.897801735,0,0,0,0,0,0,0,0,0,0,0,0
89,APKL0134,Akkayyapalem_KL,Visakhapatnam,Andhra Pradesh,Urban,287,1.2800034,1.2800034,0,0,0,0,0,0,0,0,0,0,0,0
90,APKL0063,Amaravathi_KL,Palnadu,Andhra Pradesh,Urban,684,2.2063156,2.2063156,0,0,0,0,0,0,0,0,0,0,0,0
91,APMP0157,Anakapalle_LH,Anakapalle,Andhra Pradesh,Urban,150,1.73484947,1.73484947,0,0,0,0,0,0,0,0,0,0,0,0
92,APKL0174,Anakapalli_KL,Anakapalle,Andhra Pradesh,Urban,379,1.6410642,1.6410642,0,0,0,0,0,0,0,0,0,0,0,0
93,APMP0130,Anantapur_LH,Anantapur,Andhra Pradesh,Urban,388,2.171467173,2.1129886179999997,12,0,0,0.058478554999999995,0.017543937,0.011555909,0.016217156,0.008913143,0.00424841,0,0,0
94,KAMP0176,Bangarpet_LH,Kolar,Karnataka,Rural,257,2.870417963,2.85457651,2,0,0,0.015841453,0.008478645,0,0,0,0.007362808,0,0,0
95,APKL0011,Bangaruplayam_KL,Chittoor,Andhra Pradesh,Rural,928,4.8353661,4.8353661,0,0,0,0,0,0,0,0,0,0,0,0
96,APJLG0327,Bantumilli_JLG,Krishna,Andhra Pradesh,Rural,813,3.2690180559999997,3.215530307,15,0,0,0.053487749,0.026560446,0.0068475559999999994,0,0,0.020079747,0,0,0
97,APKL0053,Bobbili_KL,Vizianagaram,Andhra Pradesh,Rural,1046,5.9282438,5.9282438,0,0,0,0,0,0,0,0,0,0,0,0
98,ORJLG0290,Chatrapur_JLG,Ganjam,Orissa,Rural,1223,6.08397390299998,6.08397390299998,0,0,0,0,0,0,0,0,0,0,0,0
99,APKL0078,Chennekothapalli_KL,Sri Sathya Sai,Andhra Pradesh,Rural,1352,4.7330909,4.7330909,0,0,0,0,0,0,0,0,0,0,0,0
100,APJLG0228,Cherukupalli_JLG,Bapatla,Andhra Pradesh,rural,2469,7.848142678,7.8151409990000005,10,0,0,0.033001679,0.015524814999999999,0.010203657000000001,0.0034297150000000003,0,0.003843492,0,0,0
101,APKL0026,Chilakaluripet_KL,Palnadu,Andhra Pradesh,Rural,2218,6.2859096,6.2859096,0,0,0,0,0,0,0,0,0,0,0,0
102,APJLG0286,Chintalapudi_JLG,Eluru,Andhra Pradesh,Rural,1910,9.02971104999997,9.02971104999997,0,0,0,0,0,0,0,0,0,0,0,0
103,APJLG0272,Chodavaram_JLG,Anakapalle,Andhra Pradesh,Rural,1203,5.76548789100001,5.76548789100001,0,0,0,0,0,0,0,0,0,0,0,0
104,APMP0248,Cumbum_LH,Prakasam,Andhra Pradesh,Rural,297,3.042523103,3.042523103,0,0,0,0,0,0,0,0,0,0,0,0
105,APKL0046,Darsi_KL,Prakasam,Andhra Pradesh,Rural,952,4.0817196,4.0817196,0,0,0,0,0,0,0,0,0,0,0,0
106,APKL0175,Gajuwaka_KL,Visakhapatnam,Andhra Pradesh,Urban,378,1.8471713,1.8471713,0,0,0,0,0,0,0,0,0,0,0,0
107,APKL0213,Gopalapatnam_KL,Visakhapatnam,Andhra Pradesh,Rural,312,1.9162711,1.9162711,0,0,0,0,0,0,0,0,0,0,0,0
108,APKL0068,Hindupur_KL,Sri Sathya Sai,Andhra Pradesh,Rural,1785,8.4315485,8.4315485,0,0,0,0,0,0,0,0,0,0,0,0
109,ORJLG0334,Hinjilicut_JLG,Ganjam,Orissa,Rural,314,1.6513496,1.6513496,0,0,0,0,0,0,0,0,0,0,0,0
110,TSMP0312,Hyderabad_LH,Hyderabad,Telangana,Urban,2,1.8506898739999997,1.8506898739999997,0,0,0,0,0,0,0,0,0,0,0,0
111,APKL0024,Jangareddygudem_KL,Eluru,Andhra Pradesh,Rural,742,3.9882669,3.9882669,0,0,0,0,0,0,0,0,0,0,0,0
112,APMP0256,Jangareddygudem_LH,Eluru,Andhra Pradesh,Rural,251,3.846280629,3.846280629,0,0,0,0,0,0,0,0,0,0,0,0
113,APJLG0185,Kaikalur_JLG,Eluru,Andhra Pradesh,Rural,2942,10.754116456,10.754116456,0,0,0,0,0,0,0,0,0,0,0,0
114,APKL0039,Kathipudi_KL,Kakinada,Andhra Pradesh,Rural,820,3.6196005,3.6196005,0,0,0,0,0,0,0,0,0,0,0,0
115,APKL0105,Komarolu_KL,Prakasam,Andhra Pradesh,Rural,1075,4.1498159,4.1498159,0,0,0,0,0,0,0,0,0,0,0,0
116,APJLG0304,Korukonda_JLG,East Godavari,Andhra Pradesh,Rural,3678,9.36782169200003,9.36190148400003,2,0,0,0.005920208,0.005288,0.000632208,0,0,0,0,0,0
117,APKL0007,Koyyalagudem_KL,Eluru,Andhra Pradesh,Rural,1354,7.0874156,7.0874156,0,0,0,0,0,0,0,0,0,0,0,0
118,APJLG0323,Kuchipudi_JLG,Krishna,Andhra Pradesh,Rural,1529,5.570088506,5.560099686,3,0,0,0.009988819999999999,0,0.0025946479999999997,0.0035507309999999997,0,0.0038434410000000004,0,0,0
119,APKL0037,Karlapalem_KL,Bapatla,Andhra Pradesh,Rural,1627,6.9027806,6.9027806,0,0,0,0,0,0,0,0,0,0,0,0
120,APKL0182,Kondapalli_KL,NTR,Andhra Pradesh,Rural,1435,5.1815107,5.1815107,0,0,0,0,0,0,0,0,0,0,0,0
121,APKL0119,Kota_KL,Tirupati,Andhra Pradesh,Rural,1253,5.1628085,5.1628085,0,0,0,0,0,0,0,0,0,0,0,0
122,APJLG0273,Kotananduru_JLG,Kakinada,Andhra Pradesh,Rural,1217,5.722894965999999,5.722894965999999,0,0,0,0,0,0,0,0,0,0,0,0
123,TSJLG0284,Kothagudem_JLG,Bhadradri Kothagudem,Telangana,Rural,1557,7.67494638999999,7.67494638999999,0,0,0,0,0,0,0,0,0,0,0,0
124,APJLG0196,Koyyalagudem_JLG,Eluru,Andhra Pradesh,Rural,1817,7.508465918999989,7.508465918999989,0,0,0,0,0,0,0,0,0,0,0,0
125,APMP0128,Madanapalle_LH,Annamayya,Andhra Pradesh,Rural,757,5.59182137,5.31941902,35,0,0,0.27240235,0.176680197,0.036085482,0.057907648,0.0017290229999999999,0,0,0,0
126,TSJLG0199,Madhira_JLG,Khammam,Telangana,rural,2980,10.818580107999999,10.818580107999999,0,0,0,0,0,0,0,0,0,0,0,0
127,APKL0034,Mandapet_KL,Dr. B.R. Ambedkar Konaseema,Andhra Pradesh,Rural,940,3.57465,3.57465,0,0,0,0,0,0,0,0,0,0,0,0
128,APJLG0237,Mylavaram_JLG,NTR,Andhra Pradesh,Rural,2711,10.58360744,10.58360744,0,0,0,0,0,0,0,0,0,0,0,0
129,APKL0215,Naidupet_KL,Tirupati,Andhra Pradesh,Rural,868,5.2048875,5.2048875,0,0,0,0,0,0,0,0,0,0,0,0
130,APKL0032,Narasaraopet_KL,Palnadu,Andhra Pradesh,Rural,680,2.3134563,2.3134563,0,0,0,0,0,0,0,0,0,0,0,0
131,APMP0096,Narsipatnam_LH,Anakapalle,Andhra Pradesh,Rural,388,4.204055392,4.198888693,1,0,0,0.005166698999999999,0,0,0.005166698999999999,0,0,0,0,0
132,APKL0122,Nellore_KL,Nellore,Andhra Pradesh,Urban,783,4.5940475,4.5940475,0,0,0,0,0,0,0,0,0,0,0,0
133,APKL0080,Obula Devara Cheruvu_KL,Sri Sathya Sai,Andhra Pradesh,Rural,1406,4.0378827,4.0378827,0,0,0,0,0,0,0,0,0,0,0,0
134,APKL0113,Ongole_KL,Prakasam,Andhra Pradesh,Rural,777,4.226624,4.226624,0,0,0,0,0,0,0,0,0,0,0,0
135,APKL0101,Palasa_KL,Srikakulam,Andhra Pradesh,Rural,1157,9.5643818,9.5643818,0,0,0,0,0,0,0,0,0,0,0,0
136,APKL0120,Pamidi_KL,Anantapur,Andhra Pradesh,Rural,780,4.5524659,4.5524659,0,0,0,0,0,0,0,0,0,0,0,0
137,APKL0247,Pathapatnam_KL,Srikakulam,Andhra Pradesh,Rural,131,1.0509923,1.0509923,0,0,0,0,0,0,0,0,0,0,0,0
138,APKL0170,Pattikonda_KL,Kurnool,Andhra Pradesh,Rural,807,6.0123632,6.0123632,0,0,0,0,0,0,0,0,0,0,0,0
139,KAKL0210,Pavagada_KL,Tumkur,Karnataka,Rural,406,2.8906697,2.8906697,0,0,0,0,0,0,0,0,0,0,0,0
140,APJLG0229,Pedanandipadu_JLG,Guntur,Andhra Pradesh,Rural,3539,10.917744755500001,10.8983207975,6,0,0,0.019423958,0.009571858,0.0098521,0,0,0,0,0,0
141,APJLG0319,Phirangipuram_JLG,Guntur,Andhra Pradesh,Rural,684,2.80088537,2.80088537,0,0,0,0,0,0,0,0,0,0,0,0
142,APJLG0241,Pithapuram_JLG,Kakinada,Andhra Pradesh,Rural,3802,12.2201735949999,12.2201735949999,0,0,0,0,0,0,0,0,0,0,0,0
143,APJLG0278,Podili_JLG,Prakasam,Andhra Pradesh,Rural,1818,7.741077070000011,7.737525916000011,1,0,0,0.003551154,0.003551154,0,0,0,0,0,0,0
144,APKL0073,Podili_KL,Prakasam,Andhra Pradesh,Rural,1374,5.6407021,5.6407021,0,0,0,0,0,0,0,0,0,0,0,0
145,APMP0232,Podili_LH,Prakasam,Andhra Pradesh,Rural,368,4.939955005,4.939955005,0,0,0,0,0,0,0,0,0,0,0,0
146,APJLG0226,Ponnur_JLG,Guntur,Andhra Pradesh,Rural,2167,6.43946186200003,6.43470464600003,2,0,0,0.004757216,0.002191661,0.0025655549999999997,0,0,0,0,0,0
147,APKL0054,Ponnur_KL,Guntur,Andhra Pradesh,Rural,761,3.5840203,3.5840203,0,0,0,0,0,0,0,0,0,0,0,0
148,APMP0161,Ponnur_LH,Guntur,Andhra Pradesh,Rural,292,2.9866081739999997,2.9866081739999997,0,0,0,0,0,0,0,0,0,0,0,0
149,APJLG0291,Madanapalle_JLG,Annamayya,Andhra Pradesh,Rural,1228,6.0882845329999995,6.0882845329999995,0,0,0,0,0,0,0,0,0,0,0,0
150,APKL0010,Madanapalle_KL,Annamayya,Andhra Pradesh,Rural,911,7.1532272,7.1532272,0,0,0,0,0,0,0,0,0,0,0,0
151,KAMP0165,Madhugiri_LH,Tumkur,Karnataka,Rural,260,2.115157361,2.115157361,0,0,0,0,0,0,0,0,0,0,0,0
152,APJLG0280,Markapuram_JLG,Prakasam,Andhra Pradesh,Rural,1730,8.41099775999999,8.41099775999999,0,0,0,0,0,0,0,0,0,0,0,0
153,APKL0154,Markapuram_KL,Prakasam,Andhra Pradesh,Urban,927,3.4437327,3.4437327,0,0,0,0,0,0,0,0,0,0,0,0
154,KAMP0178,Mulbagal_LH,Kolar,Karnataka,Rural,367,3.3494371739999997,3.2937009249999996,7,0,0,0.055736249,0.040585958,0.006270591000000001,0,0.0088797,0,0,0,0
155,APJLG0268,Mundlamuru_JLG,Prakasam,Andhra Pradesh,Rural,2368,9.38384710500001,9.38384710500001,0,0,0,0,0,0,0,0,0,0,0,0
156,APKL0021,Mydukur_KL,Kadapa,Andhra Pradesh,Rural,1200,6.3154995,6.3154995,0,0,0,0,0,0,0,0,0,0,0,0
157,APKL0090,Nallajerla_KL,East Godavari,Andhra Pradesh,Rural,792,4.0474927,4.0474927,0,0,0,0,0,0,0,0,0,0,0,0
158,APKL0091,Nandyal_KL,Nandyal,Andhra Pradesh,Urban,384,2.1366659,2.1366659,0,0,0,0,0,0,0,0,0,0,0,0
159,APKL0072,Narayanapuram_KL,Eluru,Andhra Pradesh,Rural,1143,4.7039421,4.7039421,0,0,0,0,0,0,0,0,0,0,0,0
160,APKL0094,Narsipatnam_KL,Anakapalle,Andhra Pradesh,Rural,913,2.886977,2.886977,0,0,0,0,0,0,0,0,0,0,0,0
161,APJLG0262,Nidadavolu_JLG,East Godavari,Andhra Pradesh,Rural,3594,9.56027070300003,9.54995987400003,4,0,0,0.010310829,0.007379283,0,0,0.0029315459999999997,0,0,0,0
162,APMP0142,Palakollu_LH,West Godavari,Andhra Pradesh,Rural,302,3.681035892,3.547705746,5,0,0,0.133330146,0.010434898,0,0.122895248,0,0,0,0,0
163,APJLG0292,Palamaner_JLG,Chittoor,Andhra Pradesh,Rural,1448,7.13531287099999,7.13531287099999,0,0,0,0,0,0,0,0,0,0,0,0
164,APKL0017,Palamaner_KL,Chittoor,Andhra Pradesh,Rural,636,2.8498789,2.8498789,0,0,0,0,0,0,0,0,0,0,0,0
165,KAMP0139,Pavagada_LH,Tumkur,Karnataka,Rural,264,2.075683477,2.0631666550000003,2,0,0,0.012516822,0,0.007812989,0.004703833,0,0,0,0,0
166,APKL0047,Piler_KL,Annamayya,Andhra Pradesh,Rural,469,2.1659996,2.1659996,0,0,0,0,0,0,0,0,0,0,0,0
167,APKL0005,Prathipadu(EG)_KL,Kakinada,Andhra Pradesh,Rural,537,2.6535847,2.6535847,0,0,0,0,0,0,0,0,0,0,0,0
168,APJLG0263,Prathipadu-EG_JLG,Kakinada,Andhra Pradesh,Rural,2648,11.063612602,11.063612602,0,0,0,0,0,0,0,0,0,0,0,0
169,APJLG0239,Rajanagaram_JLG,East Godavari,Andhra Pradesh,Rural,1702,4.9629274779999895,4.9629274779999895,0,0,0,0,0,0,0,0,0,0,0,0
170,APMP0164,Rayadurgam_LH,Anantapur,Andhra Pradesh,Rural,202,1.836995604,1.82887493,1,0,0,0.008120674000000001,0,0.008120674000000001,0,0,0,0,0,0
171,APMP0159,Repalle_LH,Bapatla,Andhra Pradesh,Rural,335,3.794556068,3.794556068,0,0,0,0,0,0,0,0,0,0,0,0
172,APKL0214,Sompeta,Srikakulam,Andhra Pradesh,Rural,494,3.0509051,3.0509051,0,0,0,0,0,0,0,0,0,0,0,0
173,APKL0066,Tagarapuvalasa_KL,Visakhapatnam,Andhra Pradesh,Rural,1105,4.4958412,4.4958412,0,0,0,0,0,0,0,0,0,0,0,0
174,APKL0220,Tanuku_KL,West Godavari,Andhra Pradesh,Rural,528,2.5576431,2.5576431,0,0,0,0,0,0,0,0,0,0,0,0
175,APKL0191,Tekkali_KL,Srikakulam,Andhra Pradesh,Rural,330,1.8632848,1.8632848,0,0,0,0,0,0,0,0,0,0,0,0
176,APJLG0267,Tetagunta_JLG,Kakinada,Andhra Pradesh,Rural,2140,9.63254180299998,9.63254180299998,0,0,0,0,0,0,0,0,0,0,0,0
177,APKL0206,Uravakonda_KL,Anantapur,Andhra Pradesh,Rural,1411,8.7250699,8.7250699,0,0,0,0,0,0,0,0,0,0,0,0
178,TNKL0062,Vellore_KL,Vellore,Tamil Nadu,Urban,488,2.2906716,2.2906716,0,0,0,0,0,0,0,0,0,0,0,0
179,APMP0100,Nandyal_LH,Nandyal,Andhra Pradesh,Rural,139,1.305324428,1.305324428,0,0,0,0,0,0,0,0,0,0,0,0
180,APMP0230,Ongole_LH,Prakasam,Andhra Pradesh,Urban,248,2.2291311780000003,2.2291311780000003,0,0,0,0,0,0,0,0,0,0,0,0
181,APJLG0266,P.Gannavaram_JLG,Ambedkar konaseem,Andhra Pradesh,Rural,1467,6.81090050900002,6.81090050900002,0,0,0,0,0,0,0,0,0,0,0,0
182,APMP0126,Palamaner_LH,Chittoor,Andhra Pradesh,Rural,581,4.3109523659999995,4.151238224999999,24,0,0,0.15971414099999998,0.11523199499999999,0.026260789000000003,0.006730678999999999,0.011490678,0,0,0,0
183,APKL0049,Parvathipuram_KL,Parvathipuram Manyam,Andhra Pradesh,Rural,1116,5.0514094,5.0514094,0,0,0,0,0,0,0,0,0,0,0,0
184,APKL0067,Patnam Bazar_KL,Guntur,Andhra Pradesh,Urban,616,3.6878631,3.6878631,0,0,0,0,0,0,0,0,0,0,0,0
185,APMP0234,Patnam Bazar_LH,Guntur,Andhra Pradesh,Urban,162,1.346316689,1.346316689,0,0,0,0,0,0,0,0,0,0,0,0
186,APJLG0243,Pedana_JLG,Krishna,Andhra Pradesh,Rural,2432,10.459168879,10.433797783,8,0,0,0.025371096,0.009050995,0.003215193,0.013104908,0,0,0,0,0
187,APJLG0194,Penugonda_JLG,West Godavari,Andhra Pradesh,Rural,2285,9.48334441099997,9.48334441099997,0,0,0,0,0,0,0,0,0,0,0,0
188,APKL0055,Prathipadu_KL,Guntur,Andhra Pradesh,Rural,254,1.0169953,1.0169953,0,0,0,0,0,0,0,0,0,0,0,0
189,APJLG0294,Punganur_JLG,Chittoor,Andhra Pradesh,Rural,1251,6.36520711399999,6.36520711399999,0,0,0,0,0,0,0,0,0,0,0,0
190,APKL0093,Rajanagaram_KL,East Godavari,Andhra Pradesh,Rural,901,3.265912,3.265912,0,0,0,0,0,0,0,0,0,0,0,0
191,APKL0108,Ranasthalam_KL,Srikakulam,Andhra Pradesh,Rural,707,2.7400122,2.7400122,0,0,0,0,0,0,0,0,0,0,0,0
192,APMP0140,Ravulapalem_LH,Dr. B.R. Ambedkar Konaseema,Andhra Pradesh,Rural,184,3.1464854850000004,3.1464854850000004,0,0,0,0,0,0,0,0,0,0,0,0
193,APJLG0270,Repalle_JLG,Bapatla,Andhra Pradesh,Rural,2491,9.283687664,9.25891581,7,0,0,0.024771854000000003,0.016947964000000003,0.00782389,0,0,0,0,0,0
194,APKL0036,Repalle_KL,Bapatla,Andhra Pradesh,Rural,1148,3.9168277,3.9168277,0,0,0,0,0,0,0,0,0,0,0,0
195,APJLG0245,Sattenapalli_JLG,Palnadu,Andhra Pradesh,Rural,2877,10.952530414,10.949448578,1,0,0,0.003081836,0.003081836,0,0,0,0,0,0,0
196,TSKL0075,Serilingampally_KL,Rangareddi,Telangana,Rural,523,4.1135729009999995,4.0828124,1,0,0,0.030760501000000003,0,0.030760501000000003,0,0,0,0,0,0
197,APKL0116,Singarayakonda_KL,Prakasam,Andhra Pradesh,Rural,650,2.095005,2.095005,0,0,0,0,0,0,0,0,0,0,0,0
198,APKL0087,Srungavarapukota_KL,Vizianagaram,Andhra Pradesh,Rural,536,2.0686986,2.0686986,0,0,0,0,0,0,0,0,0,0,0,0
199,APMP0150,Tadepalligudem_LH,West Godavari,Andhra Pradesh,Rural,214,2.650947074,2.633950067,2,0,0,0.016997007,0.008499243,0,0.008497764,0,0,0,0,0
200,TNMP0166,Vellore_LH,Vellore,Tamil Nadu,Urban,136,1.3730751289999998,1.1461185539999998,7,0,0,0.226956575,0.014407442999999999,0,0.196959638,0.0056643760000000005,0.009925118,0,0,0
201,TSJLG0279,Vemsoor_JLG,Khammam,Telangana,Rural,1251,5.753137741,5.753137741,0,0,0,0,0,0,0,0,0,0,0,0
202,APKL0015,Venkatagirikota_KL,Chittoor,Andhra Pradesh,Rural,632,3.7020235,3.7020235,0,0,0,0,0,0,0,0,0,0,0,0
203,APKL0144,Vinukonda-2_KL,Palnadu,Andhra Pradesh,Rural,1139,6.17217,6.17217,0,0,0,0,0,0,0,0,0,0,0,0
204,APJLG0236,Vissannapeta_JLG,NTR,Andhra Pradesh,Rural,2262,8.725159394000011,8.725159394000011,0,0,0,0,0,0,0,0,0,0,0,0
205,TSJLG0222,Wyra_JLG,Khammam,Telangana,Rural,2839,10.037393475,10.037393475,0,0,0,0,0,0,0,0,0,0,0,0
206,APKL0189,Yemmiganur_KL,Kurnool,Andhra Pradesh,Rural,398,2.0463293,2.0463293,0,0,0,0,0,0,0,0,0,0,0,0
207,APJLG0298,Kuppam_JLG,Chittoor,Andhra Pradesh,Rural,530,2.739340823,2.739340823,0,0,0,0,0,0,0,0,0,0,0,0
208,APKL0112,Macherla_KL,Palnadu,Andhra Pradesh,Rural,641,2.3239003,2.3239003,0,0,0,0,0,0,0,0,0,0,0,0
209,APKL0133,Madhurawada_KL,Visakhapatnam,Andhra Pradesh,rural,337,1.1829845,1.1829845,0,0,0,0,0,0,0,0,0,0,0,0
210,APJLG0332,Martur_JLG,Bapatla,Andhra Pradesh,Rural,1176,4.813732200000009,4.813732200000009,0,0,0,0,0,0,0,0,0,0,0,0
211,APKL0092,Medarametla_KL,Bapatla,Andhra Pradesh,Rural,740,2.4129211,2.4129211,0,0,0,0,0,0,0,0,0,0,0,0
212,APJLG0187,Mudinepalli_JLG,Eluru,Andhra Pradesh,Rural,2788,10.284830553,10.284830553,0,0,0,0,0,0,0,0,0,0,0,0
213,APKL0035,Mummadivaram_KL,Dr. B.R. Ambedkar Konaseema,Andhra Pradesh,Rural,1322,6.6836719,6.6836719,0,0,0,0,0,0,0,0,0,0,0,0
214,APKL0188,Narasannapeta_KL,Srikakulam,Andhra Pradesh,Urban,136,0.6608575,0.6608575,0,0,0,0,0,0,0,0,0,0,0,0
215,TSJLG0302,Nereducherla_JLG,Suryapet,Telangana,Rural,685,2.508805832,2.4969060040000004,4,0,0,0.011899828,0.002918544,0.008981283999999999,0,0,0,0,0,0
216,APMP0148,Nidadavolu_LH,East Godavari,Andhra Pradesh,Rural,349,4.99522655200001,4.99522655200001,0,0,0,0,0,0,0,0,0,0,0,0
217,APKL0217,Palakollu_KL,West Godavari,Andhra Pradesh,Rural,882,4.0193261,4.0193261,0,0,0,0,0,0,0,0,0,0,0,0
218,APKL0052,Palakonda_KL,Parvathipuram Manyam,Andhra Pradesh,Rural,982,7.1677447,7.1677447,0,0,0,0,0,0,0,0,0,0,0,0
219,APKL0077,Pamuru_KL,Prakasam,Andhra Pradesh,Rural,690,3.4994369,3.4994369,0,0,0,0,0,0,0,0,0,0,0,0
220,APJLG0325,Peddapuram_JLG,East Godavari,Andhra Pradesh,Rural,1260,4.657471767000009,4.657471767000009,0,0,0,0,0,0,0,0,0,0,0,0
221,APKL0008,Punganur_KL,Chittoor,Andhra Pradesh,Rural,1450,7.1591816,7.1591816,0,0,0,0,0,0,0,0,0,0,0,0
222,APKL0030,Rajahmundry_KL,East Godavari,Andhra Pradesh,Urban,771,3.7924894,3.7924894,0,0,0,0,0,0,0,0,0,0,0,0
223,APKL0014,Rajam_KL,Vizianagaram,Andhra Pradesh,Rural,541,1.8320552,1.8320552,0,0,0,0,0,0,0,0,0,0,0,0
224,APKL0114,Ravulapalem_KL,Dr. B.R. Ambedkar Konaseema,Andhra Pradesh,Rural,654,2.5518933,2.5518933,0,0,0,0,0,0,0,0,0,0,0,0
225,APKL0058,Salur_KL,Parvathipuram Manyam,Andhra Pradesh,Rural,1085,4.4244796,4.4244796,0,0,0,0,0,0,0,0,0,0,0,0
226,APMP0145,Samarlakota_LH,Kakinada,Andhra Pradesh,Rural,549,8.098401269,7.911506905,6,0,0,0.18689436399999998,0.083900064,0.0620076,0,0,0.0409867,0,0,0
227,APKL0132,Sujatha Nagar_KL,Visakhapatnam,Andhra Pradesh,Rural,333,1.3517072,1.3517072,0,0,0,0,0,0,0,0,0,0,0,0
228,APKL0085,T Sundupalle_KL,Annamayya,Andhra Pradesh,Rural,1534,7.420884260899999,7.420884260899999,0,0,0,0,0,0,0,0,0,0,0,0
229,APKL0029,Tadepalligudem_KL,West Godavari,Andhra Pradesh,Rural,1642,7.003808,7.003808,0,0,0,0,0,0,0,0,0,0,0,0
230,APKL0064,Tadikonda_KL,Guntur,Andhra Pradesh,Rural,581,2.1770821,2.1770821,0,0,0,0,0,0,0,0,0,0,0,0
231,APKL0181,Tadithota(Rajahmundry-2)_KL,East Godavari,Andhra Pradesh,Urban,576,4.0378082,4.0378082,0,0,0,0,0,0,0,0,0,0,0,0
232,APKL0023,Tallapudi_KL,East Godavari,Andhra Pradesh,Rural,1795,5.6749775,5.6749775,0,0,0,0,0,0,0,0,0,0,0,0
233,ORJLG0318,Tangi_JLG,Khordha ,Orissa,Rural,746,3.8547590090000003,3.8547590090000003,0,0,0,0,0,0,0,0,0,0,0,0
234,APKL0123,Tanguturu_KL,Prakasam,Andhra Pradesh,Rural,610,2.3914958,2.3914958,0,0,0,0,0,0,0,0,0,0,0,0
235,APKL0069,Thullur_KL,Guntur,Andhra Pradesh,Rural,433,2.1977942,2.1977942,0,0,0,0,0,0,0,0,0,0,0,0
236,APJLG0242,Undi_JLG,West Godavari,Andhra Pradesh,Rural,2417,10.5974826339999,10.5974826339999,0,0,0,0,0,0,0,0,0,0,0,0
237,APKL0012,Proddatur_KL,Kadapa,Andhra Pradesh,Rural,1312,6.4227209,6.4227209,0,0,0,0,0,0,0,0,0,0,0,0
238,ORJLG0297,Purusottampur_JLG,Ganjam,Orissa,Rural,1191,5.93903028699999,5.93903028699999,0,0,0,0,0,0,0,0,0,0,0,0
239,APJLG0295,Puthalapattu_JLG,Chittoor,Andhra Pradesh,Rural,459,2.4240848219999998,2.4240848219999998,0,0,0,0,0,0,0,0,0,0,0,0
240,APKL0009,Rayachoti_KL,Annamayya,Andhra Pradesh,Rural,874,3.9269115,3.9269115,0,0,0,0,0,0,0,0,0,0,0,0
241,APKL0173,Rayadurgam_KL,Anantapur,Andhra Pradesh,Rural,607,2.6501529,2.6501529,0,0,0,0,0,0,0,0,0,0,0,0
242,APKL0103,Srikakulam_KL,Srikakulam,Andhra Pradesh,Urban,657,3.5414115,3.5414115,0,0,0,0,0,0,0,0,0,0,0,0
243,APKL0233,Sullurpeta_KL,Tirupati,Andhra Pradesh,Rural,999,6.3151141,6.3151141,0,0,0,0,0,0,0,0,0,0,0,0
244,APKL0102,Tadipatri_KL,Anantapur,Andhra Pradesh,Rural,633,4.32391,4.32391,0,0,0,0,0,0,0,0,0,0,0,0
245,APKL0038,Tenali_KL,Guntur,Andhra Pradesh,Rural,444,2.7072226,2.7072226,0,0,0,0,0,0,0,0,0,0,0,0
246,APMP0162,Tenali_LH,Guntur,Andhra Pradesh,Rural,403,3.3885785659999996,3.3885785659999996,0,0,0,0,0,0,0,0,0,0,0,0
247,APKL0031,Tuni_KL,Kakinada,Andhra Pradesh,Rural,684,3.0065886,3.0065886,0,0,0,0,0,0,0,0,0,0,0,0
248,APMP0151,Tuni_LH,Kakinada,Andhra Pradesh,Rural,305,5.076199494,5.013285571,2,0,0,0.062913923,0.057214326,0,0.005699597,0,0,0,0,0
249,APKL0084,Velugodu_KL,Nandyal,Andhra Pradesh,Rural,1,0.0006,0.0006,0,0,0,0,0,0,0,0,0,0,0,0
250,APKL0207,Vetapalem_KL,Bapatla,Andhra Pradesh,Rural,1230,4.6488461,4.6488461,0,0,0,0,0,0,0,0,0,0,0,0
251,APKL0086,Vizianagaram_KL,Vizianagaram,Andhra Pradesh,Urban,479,2.6667379,2.6667379,0,0,0,0,0,0,0,0,0,0,0,0
252,APJLG0186,Vuyyuru_JLG,Krishna,Andhra Pradesh,Rural,3705,13.189087137000001,13.185472072000001,1,0,0,0.003615065,0,0.003615065,0,0,0,0,0,0
253,PUJLG0264,Yanam_JLG,Yanam,Pondicherry,Rural,1855,8.339126137000001,8.339126137000001,0,0,0,0,0,0,0,0,0,0,0,0
254,APKL0212,Yelamanchili_KL,Visakhapatnam,Andhra Pradesh,Rural,377,1.834341,1.834341,0,0,0,0,0,0,0,0,0,0,0,0
255,APKL0125,Yeleswaram_KL,Kakinada,Andhra Pradesh,Rural,896,3.948094,3.948094,0,0,0,0,0,0,0,0,0,0,0,0
256,APJLG0293,Venkatagirikota_JLG,Chittoor,Andhra Pradesh,Rural,419,2.2072432,2.2072432,0,0,0,0,0,0,0,0,0,0,0,0
257,APKL0089,Vissannapeta_KL,NTR,Andhra Pradesh,Rural,836,3.3128768,3.3128768,0,0,0,0,0,0,0,0,0,0,0,0
258,APJLG0197,Unguturu_JLG,Eluru,Andhra Pradesh,Rural,1923,7.191364747999979,7.191364747999979,0,0,0,0,0,0,0,0,0,0,0,0
259,APKL0211,Veeraghattam_KL,Parvathipuram Manyam,Andhra Pradesh,Rural,257,1.1749854,1.1749854,0,0,0,0,0,0,0,0,0,0,0,0
260,APJLG0195,Veeravasaram_JLG,West Godavari,Andhra Pradesh,Rural,1959,8.207283215,8.203266407000001,1,0,0,0.004016808,0.004016808,0,0,0,0,0,0,0
261,APMP0163,Venkatagirikota_LH,Chittoor,Andhra Pradesh,Rural,353,4.4328814119999995,4.4328814119999995,0,0,0,0,0,0,0,0,0,0,0,0
262,APKL0027,Vinukonda_KL,Palnadu,Andhra Pradesh,Rural,2345,11.4483815,11.4483815,0,0,0,0,0,0,0,0,0,0,0,0
263,PUMP0149,Yanam_LH,Yanam,Pondicherry,Urban,352,5.10142313,5.055982552,2,0,0,0.045440578,0.03863827,0,0.006802308,0,0,0,0,0
264,TSKL0310,Madhira_KL,Khammam,Telangana,Urban,75,0.7249372,0.7249372,0,0,0,0,0,0,0,0,0,0,0,0
265,TSKL0311,Maripeda_KL,Mahabubabad,Telangana,Urban,2,0.0150493,0.0150493,0,0,0,0,0,0,0,0,0,0,0,0
266,TSKL0306,Wyra_KL,Khammam,Telangana,Urban,107,0.7581547,0.7581547,0,0,0,0,0,0,0,0,0,0,0,0
267,TSKL0307,Suryapet_KL,Nalgonda,Telangana,Urban,83,0.4955145,0.4955145,0,0,0,0,0,0,0,0,0,0,0,0
268,APJLG0331,Perecherla_JLG,Guntur,Andhra Pradesh,Rural,544,2.2545605859999998,2.2508599769999997,1,0,0,0.0037006089999999997,0,0,0.0037006089999999997,0,0,0,0,0
269,TSKL0308,Sathupalli_KL,Khammam,Telangana,Urban,106,0.8511337,0.8511337,0,0,0,0,0,0,0,0,0,0,0,0
270,APJLG0352,Chirala_JLG,Bapatla,Andhra Pradesh,Rural,926,3.3458702,3.3458702,0,0,0,0,0,0,0,0,0,0,0,0
271,APJLG0326,Denduluru_JLG,West Godavari,Andhra Pradesh,Rural,1356,5.9034065170000005,5.9034065170000005,0,0,0,0,0,0,0,0,0,0,0,0
272,APJLG0322,Devarapalli_JLG,West Godavari,Andhra Pradesh,Rural,1536,6.25073074200001,6.25073074200001,0,0,0,0,0,0,0,0,0,0,0,0
273,TSJLG0328,Enkuru_JLG,Khammam,Telangana,Rural,988,4.360797158,4.360797158,0,0,0,0,0,0,0,0,0,0,0,0
274,TSKL0299,Khammam_KL,Khammam,Telangana,Urban,2,0.0206157,0.0206157,0,0,0,0,0,0,0,0,0,0,0,0
275,APJLG0324,Nallajerla_JLG,East Godavari,Andhra Pradesh,Rural,1253,5.348156327000001,5.348156327000001,0,0,0,0,0,0,0,0,0,0,0,0
276,APJLG0355,Rompicherla_JLG,Palnadu,Andhra Pradesh,Rural,119,0.505730133,0.505730133,0,0,0,0,0,0,0,0,0,0,0,0
,,,,Total,,295929,1373.1657377853999,1371.0422936783993,278,0,0,2.1234441069999996,0.988683063,0.3533640089999999,0.5165424990000002,0.11363398699999998,0.094112128,0,0.034563859,0.022544562
,,,,,,,,,,,,,,,,,,,,
KL denotes Gold Loan; JLG - Joint Liability Group Lending and LH - LAP & HL,,,,,,,0.09394145217264951,,,,,,,,,,,,,
,,,,,,,,,,,,,,,,,,,,
Districtwise,,,,,,,,,,,,,,,,,,,,
SN,District,State,Number of Loans,"Total Principal Outstanding 
(In Crs)",Principal without overdues (In Crs),No of loans in arrears,No of loans written off,"Write offs in the quarter 
(In Crs)","Total PAR 
(In Crs)",1-30,31-60,61-90,91-120,121-150,151-180,181-365,>365,,,
1,Visakhapatnam,Andhra Pradesh,5225,20.831266029999988,20.831266029999988,0,0,0,0,0,0,0,0,0,0,0,0,,,
2,Bapatla,Andhra Pradesh,22630,89.36570516100001,89.221702202,28,0,0,0.14400295899999999,0.055752635,0.027372795000000002,0.0034297150000000003,0.053604321999999996,0.003843492,0,0,0,,,
3,Palnadu,Andhra Pradesh,17202,67.44766960600002,67.42409544200002,7,0,0,0.023574163999999998,0.006280483,0.017293680999999998,0,0,0,0,0,0,,,
4,Anantapur,Andhra Pradesh,10052,66.00000792700001,65.93340869800001,13,0,0,0.066599229,0.017543937,0.019676583,0.016217156,0.008913143,0.00424841,0,0,0,,,
5,Kakinada,Andhra Pradesh,16715,86.08430096999987,85.77991935299987,9,0,0,0.304381617,0.19568772,0.0620076,0.005699597,0,0.0409867,0,0,0,,,
6,Anakapalle,Andhra Pradesh,4308,22.410133297999998,22.404966598999998,1,0,0,0.005166698999999999,0,0,0.005166698999999999,0,0,0,0,0,,,
7,Nandyal,Andhra Pradesh,3319,18.568405627999997,18.568405627999997,0,0,0,0,0,0,0,0,0,0,0,0,,,
8,West Godavari,Andhra Pradesh,15827,73.08977871099988,72.93543474999989,8,0,0,0.154343961,0.022950949000000002,0,0.131393012,0,0,0,0,0,,,
9,Chittoor,Andhra Pradesh,10524,59.66164847899997,59.339611266999974,45,0,0,0.322037212,0.215106305,0.052015739000000005,0.03863261,0.016282558000000003,0,0,0,0,,,
10,East Godavari,Andhra Pradesh,29991,109.24002274500005,109.12058449600005,30,0,0,0.11943824900000001,0.056354284000000004,0.005771122,0.004255203000000001,0.007500906,0,0,0.023012172,0.022544562,,,
11,Sri Sathya Sai,Andhra Pradesh,9442,47.393801421000006,47.32380315900001,10,0,0,0.06999826199999999,0.025018827,0.026387597999999998,0.007531878,0.011059959,0,0,0,0,,,
12,Suryapet,Telangana,2656,9.34727050899997,9.32595883599997,7,0,0,0.021311673,0.008933761,0.012377912,0,0,0,0,0,0,,,
13,NTR,Andhra Pradesh,13264,53.14118545600001,53.12854269900001,3,0,0,0.012642757,0.00843389,0.004208867,0,0,0,0,0,0,,,
14,Kadapa,Andhra Pradesh,6228,36.6446949,36.6446949,0,0,0,0,0,0,0,0,0,0,0,0,,,
15,Nellore,Andhra Pradesh,3342,19.431777168,19.431777168,0,0,0,0,0,0,0,0,0,0,0,0,,,
16,Prakasam,Andhra Pradesh,18376,87.82469455300001,87.82114339900002,1,0,0,0.003551154,0.003551154,0,0,0,0,0,0,0,,,
17,Krishna,Andhra Pradesh,20452,83.52021458499993,83.36039336599994,48,0,0,0.15982121900000001,0.08251508600000002,0.032904894,0.016655639,0,0.0277456,0,0,0,,,
18,Vizianagaram,Andhra Pradesh,2978,14.422823563000001,14.422823563000001,0,0,0,0,0,0,0,0,0,0,0,0,,,
19,Srikakulam,Andhra Pradesh,4742,28.254475699999997,28.254475699999997,0,0,0,0,0,0,0,0,0,0,0,0,,,
20,Khammam,Telangana,12995,52.27719824699992,52.27719824699992,0,0,0,0,0,0,0,0,0,0,0,0,,,
21,Dr. B.R. Ambedkar Konaseema,Andhra Pradesh,4145,23.187397184,23.158358543000002,3,0,0,0.029038641000000004,0,0,0.017486954000000002,0,0,0,0.011551687,0,,,
22,Bhadradri Kothagudem,Telangana,3352,16.36579309499999,16.36579309499999,0,0,0,0,0,0,0,0,0,0,0,0,,,
23,Annamayya,Andhra Pradesh,7012,37.284283563900004,37.011881213900004,35,0,0,0.27240235,0.176680197,0.036085482,0.057907648,0.0017290229999999999,0,0,0,0,,,
24,Hyderabad,Telangana,708,8.010639674,8.010639674,0,0,0,0,0,0,0,0,0,0,0,0,,,
25,Eluru,Andhra Pradesh,17350,75.84622163999995,75.84622163999995,0,0,0,0,0,0,0,0,0,0,0,0,,,
26,Ganjam,Orissa,4341,21.85711972699996,21.85711972699996,0,0,0,0,0,0,0,0,0,0,0,0,,,
27,Guntur,Andhra Pradesh,13782,57.40162865450002,57.373746871500025,9,0,0,0.027881783,0.011763519,0.012417655,0.0037006089999999997,0,0,0,0,0,,,
28,Kolar,Karnataka,624,6.219855137,6.148277435,9,0,0,0.07157770199999999,0.049064603,0.006270591000000001,0,0.0088797,0.007362808,0,0,0,,,
29,Tirupati,Andhra Pradesh,3120,16.682810099999998,16.682810099999998,0,0,0,0,0,0,0,0,0,0,0,0,,,
30,Kurnool,Andhra Pradesh,1205,8.0586925,8.0586925,0,0,0,0,0,0,0,0,0,0,0,0,,,
31,Tumkur,Karnataka,930,7.081510538,7.068993716,2,0,0,0.012516822,0,0.007812989,0.004703833,0,0,0,0,0,,,
32,Vellore,Tamil Nadu,624,3.6637467289999996,3.4367901539999997,7,0,0,0.226956575,0.014407442999999999,0,0.196959638,0.0056643760000000005,0.009925118,0,0,0,,,
33,Ambedkar konaseem,Andhra Pradesh,1467,6.81090050900002,6.81090050900002,0,0,0,0,0,0,0,0,0,0,0,0,,,
34,Parvathipuram Manyam,Andhra Pradesh,3440,17.818619100000003,17.818619100000003,0,0,0,0,0,0,0,0,0,0,0,0,,,
35,Rangareddi,Telangana,523,4.1135729009999995,4.0828124,1,0,0,0.030760501000000003,0,0.030760501000000003,0,0,0,0,0,0,,,
36,Khordha ,Orissa,746,3.8547590090000003,3.8547590090000003,0,0,0,0,0,0,0,0,0,0,0,0,,,
37,Yanam,Pondicherry,2207,13.440549267000002,13.395108689000002,2,0,0,0.045440578,0.03863827,0,0.006802308,0,0,0,0,0,,,
38,Mahabubabad,Telangana,2,0.0150493,0.0150493,0,0,0,0,0,0,0,0,0,0,0,0,,,
39,Nalgonda,Telangana,83,0.4955145,0.4955145,0,0,0,0,0,0,0,0,0,0,0,0,,,
,,Total,295929,1373.1657377853996,1371.0422936783998,278,0,0,2.123444107,0.988683063,0.35336400900000003,0.516542499,0.11363398699999999,0.09411212799999999,0,0.034563859,0.022544562,,,
,,,,,,,,,,,,,,,,,,,,
Statewise,,,,,,,,,,,,,,,,,,,,
SN,State,Number of Loans,"Total Principal Outstanding 
(In Crs)",Principal without overdues (In Crs),No of loans in arrears,No of loans written off,"Write offs in the quarter 
(In Crs)","Total PAR 
(In Crs)",1-30,31-60,61-90,91-120,121-150,151-180,181-365,>365,,,,
1,Andhra Pradesh,266138,1226.4231591523999,1224.7082788963999,250,0,0,1.7148802560000003,0.877638986,0.296142016,0.30807672,0.09908991099999999,0.076824202,0,0.034563859,0.022544562,,,,
2,Karnataka,1554,13.301365675,13.217271151,11,0,0,0.084094524,0.049064603,0.01408358,0.004703833,0.0088797,0.007362808,0,0,0,,,,
3,Orissa,5087,25.71187873599996,25.71187873599996,0,0,0,0,0,0,0,0,0,0,0,0,,,,
4,Pondicherry,2207,13.440549267000002,13.395108689000002,2,0,0,0.045440578,0.03863827,0,0.006802308,0,0,0,0,0,,,,
5,Tamil Nadu,624,3.6637467289999996,3.4367901539999997,7,0,0,0.226956575,0.014407442999999999,0,0.196959638,0.0056643760000000005,0.009925118,0,0,0,,,,
6,Telangana,20319,90.62503822599989,90.57296605199988,8,0,0,0.052072174,0.008933761,0.043138413,0,0,0,0,0,0,,,,
,Total,295929,1373.1657377853996,1371.0422936783996,278,0,0,2.123444107,0.988683063,0.353364009,0.516542499,0.11363398699999999,0.09411212799999999,0,0.034563859,0.022544562,,,,
,,,,,,,,,,,,,,,,,,,,
,Tenorwise,,,,,,,,,,,,,,,,,,,
,Original Tenor,Number of Loans,"Total Principal Outstanding 
(In Crs)",Principal without overdues (In Crs),No of loans in arrears,No of loans written off,"Write offs in the quarter 
(In Crs)","Total PAR 
(In Crs)",1-30,31-60,61-90,91-120,121-150,151-180,181-365,>365,,,,
,Upto 1 Year,128519,620.3961583749,619.1027789089,1,0,0,1.293379466,0.6442238509999999,0.26380895099999996,0.216838806,0.060029665,0.059299897,0,0.026633734000000003,0.022544562,,,,
,1 to 2 years,165641,679.577835690477,679.5699055654769,263,0,0,0.007930125,0,0,0,0,0,0,0.007930125,0,,,,
,2 to 3 years,174,2.845873484,2.5977485920000003,1,0,0,0.248124892,0.0932116,0.085471727,0.034629334000000005,0,0.034812231,0,0,0,,,,
,3 to 5 years,1204,45.824601948,45.254675655,6,0,0,0.569926293,0.251247612,0,0.265074359,0.053604321999999996,0,0,0,0,,,,
,Above 5 Years,391,24.521268287999998,24.517184956999998,7,0,0,0.004083331,0,0.004083331,0,0,0,0,0,0,,,,
,Total,295929,1373.1657377853771,1371.0422936783768,278,0,0,2.1234441069999996,0.9886830629999999,0.353364009,0.516542499,0.11363398699999999,0.09411212799999999,0,0.034563859,0.022544562,,,,
,,,,,,,,,,,,,,,,,,,,
,Basis loan ticket size,,,,,,,,,,,,,,,,,,,
,Loan Ticket Size Bucket,Number of Loans,"Total Principal Outstanding 
(In Crs)",Principal without overdues (In Crs),No of loans in arrears,No of loans written off,"Write offs in the quarter 
(In Crs)","Total PAR 
(In Crs)",1-30,31-60,61-90,91-120,121-150,151-180,181-365,>365,,,,
,<50000,141279,253.07902796089803,252.98867558989804,34,0,0,0.09035237099999997,0.043356673,0.030090438,0.00872761,0.0029315459999999997,0,0,0.001776645,0.003469459,,,,
,50000 - 100000,128415,612.574512352484,612.149924220484,118,0,0,0.424588132,0.203816778,0.09174934300000001,0.042820851,0.021517767,0.042011971,0,0.003596319,0.019075103,,,,
,100000-150000,12573,127.045433426,126.66297446200001,65,0,0,0.38245896399999957,0.1828424759999996,0.081896364,0.077906798,0.024520392999999998,0.007362808,0,0.007930125,0,,,,
,150000-200000,6194,94.9370715379999,94.6146079929999,39,0,0,0.322463545,0.175596714,0.025937113,0.078683871,0.011059959,0.009925118,0,0.021260770000000002,0,,,,
,200000-300000,3182,71.293520855,71.20799094499999,9,0,0,0.08552991,0.03861121,0.038219024,0.008699676,0,0,0,0,0,,,,
,300000-400000,1532,50.579049366,50.513476634,2,0,0,0.065572732,0,0.030760501000000003,0,0,0.034812231,0,0,0,,,,
,400000-500000,904,38.223141244,38.110021501999995,3,0,0,0.113119742,0.078490408,0,0.034629334000000005,0,0,0,0,0,,,,
,500000-600000,867,45.107045571,44.998730023,2,0,0,0.108315548,0,0.054711226,0,0.053604321999999996,0,0,0,0,,,,
,600000-700000,392,24.455135663,24.397921337,1,0,0,0.057214326,0.057214326,0,0,0,0,0,0,0,,,,
,700000-800000,207,14.98061401,14.92604068,1,0,0,0.05457333,0.05457333,0,0,0,0,0,0,0,,,,
,800000-900000,143,11.593315601999999,11.359940399,3,0,0,0.23337520299999998,0.154181148,0,0.079194055,0,0,0,0,0,,,,
,900000-1000000,74,6.942416506,6.942416506,0,0,0,0,0,0,0,0,0,0,0,0,,,,
,> 1000000,167,22.355453691,22.169573387,1,0,0,0.185880304,0,0,0.185880304,0,0,0,0,0,,,,
,Total,295929,1373.1657377853821,1371.0422936783814,278,0,0,2.1234441069999996,0.9886830629999994,0.35336400900000003,0.516542499,0.11363398699999999,0.094112128,0,0.034563859,0.022544562,,,,
,,,,,,,,,,,,0,,,,,,,,
,Basis balance tenor ,,,,,,,,,,,,,,,,,,,
,Balance  Tenor,Number of Loans,"Total Principal Outstanding 
(In Crs)",Principal without overdues (In Crs),No of loans in arrears,No of loans written off,"Write offs in the quarter 
(In Crs)","Total PAR 
(In Crs)",1-30,31-60,61-90,91-120,121-150,151-180,181-365,>365,,,,
,Upto 1 Year,156490,692.977008526404,692.449061870404,118,0,0,0.5279466559999999,0.29316092,0.092185507,0.118593493,0.015434046,0,0,0.005372964,0.003199726,,,,
,1 to 2 years,137761,607.908249761968,607.130803495968,147,0,0,0.7774462659999996,0.35106293099999936,0.175706775,0.098245313,0.044595619,0.059299897,0,0.029190895,0.019344835999999997,,,,
,2 to 3 years,223,6.030585161,6.030585161,0,0,0,0,0,0,0,0,0,0,0,0,,,,
,3 to 5 years,1147,46.856262302999994,46.30635822199999,9,0,0,0.549904081,0.209110485,0.085471727,0.22050963799999998,0,0.034812231,0,0,0,,,,
,Above 5 years,308,19.393632033000003,19.125484929000002,4,0,0,0.26814710399999997,0.135348727,0,0.079194055,0.053604321999999996,0,0,0,0,,,,
,Total,295929,1373.165737785372,1371.042293678372,278,0,0,2.123444106999999,0.9886830629999994,0.35336400900000003,0.5165424989999999,0.11363398699999999,0.09411212799999999,0,0.034563859,0.022544561999999997,,,,
,,,,,,,,,,,,,,,,,,,,
,,,,,,,,,,,,,,,,,,,,
,"IRR, omitting processing fee",,,,,,,,,,,,,,,,,,,
,"IRR, omitting processing fee",Number of Loans,"Total Principal Outstanding 
(In Crs)",Principal without overdues (In Crs),No of loans in arrears,No of loans written off,"Write offs in the quarter 
(In Crs)","Total PAR 
(In Crs)",1-30,31-60,61-90,91-120,121-150,151-180,181-365,>365,,,,
,<10,2216,62.1574745,62.1574745,0,0,0,0,0,0,0,0,0,0,0,0,,,,
,10-12,7931,42.8124707,42.8124707,0,0,0,0,0,0,0,0,0,0,0,0,,,,
,12-15,6,0.1742273,0.1742273,0,0,0,0,0,0,0,0,0,0,0,0,,,,
,15-18,7783,23.461939701,23.461939701,0,0,0,0,0,0,0,0,0,0,0,0,,,,
,18-20,34883,169.8440012789,169.8440012789,0,0,0,0,0,0,0,0,0,0,0,0,,,,
,20-22,31071,122.885235316,122.842566945,22,0,0,0.042668371,0.0024022419999999997,0.002942208,0.00147627,0,0,0,0.013303089,0.022544562,,,,
,22-24,33872,190.525007827,189.773489845,14,0,0,0.751517982,0.310172685,0.088037282,0.299703693,0.053604321999999996,0,0,0,0,,,,
,24-26,158591,661.013418434482,660.577286200482,105,0,0,0.436132234,0.245190233,0.09782316899999999,0.023785963,0.0029315459999999997,0.066401323,0,0,0,,,,
,>26,19576,100.291962728,99.398837208,137,0,0,0.8931255199999993,0.4309179029999994,0.16456135,0.191576573,0.057098118999999996,0.027710804999999998,0,0.021260770000000002,0,,,,
,Total,295929,1373.165737785382,1371.042293678382,278,0,0,2.123444106999999,0.9886830629999994,0.353364009,0.516542499,0.11363398699999999,0.09411212799999999,0,0.034563859,0.022544562,,,,
,,,,,,,,,,,,,,,,,,,,
,,,,Category,,,,,,,,,,,,,,,,
,,,,Category,Number of Loans,"Total Principal Outstanding 
(In Crs)",Principal without overdues (In Crs),No of loans in arrears,No of loans written off,"Write offs in the quarter 
(In Crs)","Total PAR 
(In Crs)",1-30,31-60,61-90,91-120,121-150,151-180,181-365,>365,
,,,,c,130366,574.964938284498,574.964938284498,120,0,0,0,0,0,0,0,0,0,0,0,
,,,,Consumption,85738,401.45592135100003,401.45592135100003,16,0,0,0,0,0,0,0,0,0,0,0,
,,,,Home Assets,19294,133.0348055079,133.0348055079,50,0,0,0,0,0,0,0,0,0,0,0,
,,,,Manufacturing,28456,134.51405196400003,134.51405196400003,47,0,0,0,0,0,0,0,0,0,0,0,
,,,,Services,20878,78.1880865990002,78.1880865990002,28,0,0,0,0,0,0,0,0,0,0,0,
,,,,Education,5442,25.875826135,25.833157764,0,0,0,0.042668371,0.0024022419999999997,0.002942208,0.00147627,0,0,0,0.013303089,0.022544562,
,,,,Trading,4819,20.683130765,19.931612783000002,16,0,0,0.751517982,0.310172685,0.088037282,0.299703693,0.053604321999999996,0,0,0,0,
,,,,Business Assets,936,4.448977179,4.012844944999999,1,0,0,0.436132234,0.245190233,0.09782316899999999,0.023785963,0.0029315459999999997,0.066401323,0,0,0,
,,,,Total,295929,1373.165737785398,1371.9354191983982,278,0,0,1.230318587,0.454075237,0.16456135,0.191576573,0.057098118999999996,0.027710804999999998,0,0.021260770000000002,0,
,,,,,,,,,,,,,,,,,,,,
,Basis instalment frequency,,,,,,,,,,,,,,,,,,,
,Installment frequency,Number of Loans,"Total Principal Outstanding 
(In Crs)",Principal without overdues (In Crs),No of loans in arrears,No of loans written off,"Write offs in the quarter 
(In Crs)","Total PAR 
(In Crs)",1-30,31-60,61-90,91-120,121-150,151-180,181-365,>365,,,,
,Monthly,284520,1336.05773738544,1333.93429327844,278,0,0,2.1234441069999996,0.9886830629999994,0.353364009,0.516542499,0.11363398699999999,0.09411212799999999,0,0.034563859,0.022544562,,,,
,Bullet,11409,37.1080004,37.1080004,0,0,0,0,0,0,0,0,0,0,0,0,,,,
,Total,295929,1373.1657377854401,1371.04229367844,278,0,0,2.1234441069999996,0.9886830629999994,0.353364009,0.516542499,0.11363398699999999,0.09411212799999999,0,0.034563859,0.022544562,,,,
,,,,,,,,,,,,,,,,,,,,
,,,,Rural/Urban,,,,,,,,,,,,,,,,
,,,,Geography Range,Number of Loans,"Total Principal Outstanding 
(In Crs)",Principal without overdues (In Crs),No of loans in arrears,No of loans written off,"Write offs in the quarter 
(In Crs)","Total PAR 
(In Crs)",1-30,31-60,61-90,91-120,121-150,151-180,181-365,>365,
,,,,Rural,267512,1208.9777570773988,1207.496543892399,220,0,0,1.481213185,0.757535281,0.29956652699999997,0.260682533,0.036090906000000006,0.0799386,0,0.024854776000000002,0.022544562,
,,,,Urban,28417,164.18798070799997,163.54574978599996,58,0,0,0.6422309219999999,0.231147782,0.053797481999999994,0.255859966,0.07754308099999999,0.014173528000000001,0,0.009709083,0,
,,,,Total,295929,1373.1657377853987,1371.042293678399,278,0,0,2.123444107,0.988683063,0.353364009,0.516542499,0.11363398699999999,0.094112128,0,0.034563859,0.022544562,
,,,,,,,,,,,,,,,,,,,,
,Basis loan product,,,,,,,,,,,,,,,,,,,
,Loan product,Number of Loans,"Total Principal Outstanding 
(In Crs)",Principal without overdues (In Crs),No of loans in arrears,No of loans written off,"Write offs in the quarter 
(In Crs)","Total PAR 
(In Crs)",1-30,31-60,61-90,91-120,121-150,151-180,181-365,>365,,,,
,Group Loans,153230,606.271838602578,605.863485200578,124,0,0,0.408353402,0.212901948,0.101020932,0.024062233,0.0029315459999999997,0.031589092,0,0.013303089,0.022544562,,,,
,Gold Loans,67799,560.5807028539,560.5807028539,0,0,0,0,0,0,0,0,0,0,0,0,,,,
,MSME - Business Loans,11199,70.64382252799899,69.750697007999,137,0,0,0.8931255199999993,0.4309179029999994,0.16456135,0.191576573,0.057098118999999996,0.027710804999999998,0,0.021260770000000002,0,,,,
,MSME - LAP Loans,1578,65.645751387,65.645751387,13,0,0,0,0,0,0,0,0,0,0,0,,,,
,PL_UnSecured,57678,57.908521,57.908521,0,0,0,0,0,0,0,0,0,0,0,0,,,,
,MSME - Home Loans,132,7.2557217540000005,7.2557217540000005,0,0,0,0,0,0,0,0,0,0,0,0,,,,
,Consumer Loans,4311,3.008689786,3.004775786,4,0,0,0.003914,0.000404,0.00231,0.0012,0,0,0,0,0,,,,
,Corporate Loans,2,1.8506898739999997,1.0326386889999997,0,0,0,0.818051185,0.344459212,0.085471727,0.299703693,0.053604321999999996,0.034812231,0,0,0,,,,
,Total,295929,1373.165737785477,1371.0422936784769,278,0,0,2.123444106999999,0.9886830629999994,0.353364009,0.516542499,0.11363398699999999,0.09411212799999999,0,0.034563859,0.022544562,,,,
,,,,,,,,,,,,0,,,,,,,,
,Basis loan cycle,,,,,,,,,,,,,,,,,,,
,Loan cycle,Number of Loans,"Total Principal Outstanding 
(In Crs)",Principal without overdues (In Crs),No of loans in arrears,No of loans written off,"Write offs in the quarter 
(In Crs)","Total PAR 
(In Crs)",1-30,31-60,61-90,91-120,121-150,151-180,181-365,>365,,,,
,1,188539,872.314985530521,870.239448899521,255,0,0,2.0755366309999994,0.9810417159999993,0.350421801,0.515066229,0.113633987,0.094112128,0,0.021260770000000002,0,,,,
,2,21740,83.771537937,83.76050368700001,7,0,0,0.01103425,0.005747605,0.00231,0.0012,0,0,0,0.001776645,0,,,,
,3,13227,57.760954901,57.759803078,3,0,0,0.001151823,0.00024334499999999998,0.000632208,0.00027626999999999996,0,0,0,0,0,,,,
,4,10444,46.317039019,46.313488856,3,0,0,0.003550163,0.000350437,0,0,0,0,0,0,0.003199726,,,,
,5,8599,38.597944099,38.565772859000006,10,0,0,0.03217124,0.00129996,0,0,0,0,0,0.011526444,0.019344835999999997,,,,
,>5,53380,274.4032762989,274.4032762989,0,0,0,0,0,0,0,0,0,0,0,0,,,,
,Total,295929,1373.1657377854208,1371.042293678421,278,0,0,2.1234441069999987,0.9886830629999994,0.353364009,0.5165424989999999,0.113633987,0.094112128,0,0.034563859,0.022544561999999997,,,,
,,,,,,,,,,,,,,,,,,,,
,,,,,,,,,,,,,,,,,,,,
,On / Off Balance sheet,,,,,,,,,,,,,,,,,,,
,On / Off Balance sheet,Number of Loans,"Total Principal Outstanding 
(In Crs)",Principal without overdues (In Crs),No of loans in arrears,No of loans written off,"Write offs in the quarter 
(In Crs)","Total PAR 
(In Crs)",1-30,31-60,61-90,91-120,121-150,151-180,181-365,>365,,,,
,On Balance Sheet,295929,1373.1657377854208,1371.042293678421,278,0,0,2.123444106999999,0.9886830629999994,0.353364009,0.5165424989999999,0.113633987,0.094112128,0,0.034563859,0.022544561999999997,,,,
,Off Balance Sheet - Securitised,0,0,0,0,0,0,0,0,0,0,0,0,0,0,0,,,,
,Off Balance Sheet - BC,0,0,0,0,0,0,0,0,0,0,0,0,0,0,0,,,,
,Off Balance Sheet - Colending,0,0,0,0,0,0,0,0,0,0,0,0,0,0,0,,,,
,Total,295929,1373.1657377854208,1371.042293678421,278,0,0,2.123444106999999,0.9886830629999994,0.353364009,0.5165424989999999,0.113633987,0.094112128,0,0.034563859,0.022544561999999997,,,,
,,,,,,,,,,,,,,,,,,,,
,Basis LTV (loan to value),,,,,,,,,,,,,,,,,,,
,LTV,Number of Loans,"Total Principal Outstanding 
(In Crs)",Principal without overdues (In Crs),No of loans in arrears,No of loans written off,"Write offs in the quarter 
(In Crs)","Total PAR 
(In Crs)",1-30,31-60,61-90,91-120,121-150,151-180,181-365,>365,,,,
,<50,961,2.4426008,2.4426008,0,0,0,0,0,0,0,0,0,0,0,0,,,,
,50-60,1026,3.1159133,3.1159133,0,0,0,0,0,0,0,0,0,0,0,0,,,,
,60-70,4272,75.84735034789999,75.02929916289999,13,0,0,0.818051185,0.344459212,0.085471727,0.299703693,0.053604321999999996,0.034812231,0,0,0,,,,
,70-75,63118,544.8205897930001,544.8205897930001,0,0,0,0,0,0,0,0,0,0,0,0,,,,
,75-80,0,0,0,0,0,0,0,0,0,0,0,0,0,0,0,,,,
,80-85,0,0,0,0,0,0,0,0,0,0,0,0,0,0,0,,,,
,Otherthan Gold,226552,746.939283544506,745.633890622506,265,0,0,1.3053929219999993,0.6442238509999993,0.267892282,0.216838806,0.060029665,0.059299897,0,0.034563859,0.022544562,,,,
,Total,295929,1373.165737785406,1371.0422936784062,278,0,0,2.123444106999999,0.9886830629999994,0.353364009,0.516542499,0.11363398699999999,0.09411212799999999,0,0.034563859,0.022544562,,,,
